timestamp,src_ip,dst_ip,src_port,dst_port,protocol,packet_size
2025-07-11 14:54:51.642760,192.168.1.200,10.0.0.124,1308,12345,TCP,2105
2025-07-11 14:54:52.642760,192.168.1.42,10.0.0.17,8265,53,TCP,562
2025-07-11 14:54:53.642760,192.168.1.79,10.0.0.115,60404,22,TCP,1034
2025-07-11 14:54:54.642760,192.168.1.91,10.0.0.230,33984,443,UDP,1168
2025-07-11 14:54:55.642760,192.168.1.99,10.0.0.169,32773,80,UDP,489
2025-07-11 14:54:56.642760,192.168.1.4,10.0.0.23,51836,443,TCP,906
2025-07-11 14:54:57.642760,192.168.1.45,10.0.0.180,31318,22,UDP,351
2025-07-11 14:54:58.642760,192.168.1.95,10.0.0.250,42201,80,UDP,116
2025-07-11 14:54:59.642760,192.168.1.10,10.0.0.201,22418,22,UDP,1276
2025-07-11 14:55:00.642760,192.168.1.42,10.0.0.148,63778,22,TCP,942
2025-07-11 14:55:01.642760,192.168.1.61,10.0.0.162,6288,53,UDP,218
2025-07-11 14:55:02.642760,192.168.1.94,10.0.0.4,4576,22,TCP,1187
2025-07-11 14:55:03.642760,192.168.1.50,10.0.0.246,17062,22,UDP,310
2025-07-11 14:55:04.642760,192.168.1.55,10.0.0.170,21062,443,TCP,1372
2025-07-11 14:55:05.642760,192.168.1.53,10.0.0.222,15067,443,TCP,1445
2025-07-11 14:55:06.642760,192.168.1.95,10.0.0.6,45385,22,TCP,1306
2025-07-11 14:55:07.642760,192.168.1.93,10.0.0.2,53798,22,TCP,565
2025-07-11 14:55:08.642760,192.168.1.39,10.0.0.249,45638,443,UDP,1485
2025-07-11 14:55:09.642760,192.168.1.50,10.0.0.124,36733,22,UDP,1402
2025-07-11 14:55:10.642760,192.168.1.88,10.0.0.110,36989,22,TCP,1496
2025-07-11 14:55:11.642760,192.168.1.52,10.0.0.90,31011,443,TCP,1000
2025-07-11 14:55:12.642760,192.168.1.67,10.0.0.137,48476,22,UDP,872
2025-07-11 14:55:13.642760,192.168.1.32,10.0.0.222,13821,53,UDP,182
2025-07-11 14:55:14.642760,192.168.1.46,10.0.0.45,21429,53,UDP,772
2025-07-11 14:55:15.642760,192.168.1.56,10.0.0.108,38695,443,TCP,1297
2025-07-11 14:55:16.642760,192.168.1.67,10.0.0.36,19720,80,TCP,557
2025-07-11 14:55:17.642760,192.168.1.82,10.0.0.114,36857,443,UDP,269
2025-07-11 14:55:18.642760,192.168.1.88,10.0.0.102,49447,22,TCP,1283
2025-07-11 14:55:19.642760,192.168.1.33,10.0.0.182,40954,443,TCP,498
2025-07-11 14:55:20.642760,192.168.1.95,10.0.0.157,24167,53,UDP,1494
2025-07-11 14:55:21.642760,192.168.1.8,10.0.0.40,34720,443,TCP,809
2025-07-11 14:55:22.642760,192.168.1.6,10.0.0.138,7769,80,TCP,84
2025-07-11 14:55:23.642760,192.168.1.55,10.0.0.119,44831,53,TCP,782
2025-07-11 14:55:24.642760,192.168.1.29,10.0.0.38,55734,80,UDP,1267
2025-07-11 14:55:25.642760,192.168.1.43,10.0.0.172,51569,80,TCP,319
2025-07-11 14:55:26.642760,192.168.1.10,10.0.0.171,36859,22,TCP,547
2025-07-11 14:55:27.642760,192.168.1.77,10.0.0.148,14769,80,TCP,826
2025-07-11 14:55:28.642760,192.168.1.27,10.0.0.118,16281,53,TCP,841
2025-07-11 14:55:29.642760,192.168.1.36,10.0.0.218,13840,22,TCP,579
2025-07-11 14:55:30.642760,192.168.1.84,10.0.0.250,48187,22,UDP,402
2025-07-11 14:55:31.642760,192.168.1.76,10.0.0.113,4549,443,TCP,993
2025-07-11 14:55:32.642760,192.168.1.53,10.0.0.65,7095,22,UDP,338
2025-07-11 14:55:33.642760,192.168.1.29,10.0.0.13,49166,22,UDP,1129
2025-07-11 14:55:34.642760,192.168.1.94,10.0.0.228,17332,443,UDP,1459
2025-07-11 14:55:35.642760,192.168.1.59,10.0.0.225,48538,443,UDP,580
2025-07-11 14:55:36.642760,192.168.1.9,10.0.0.36,34476,80,UDP,547
2025-07-11 14:55:37.642760,192.168.1.57,10.0.0.121,52161,443,TCP,530
2025-07-11 14:55:38.642760,192.168.1.32,10.0.0.209,46190,80,TCP,1099
2025-07-11 14:55:39.642760,192.168.1.37,10.0.0.26,45623,53,TCP,389
2025-07-11 14:55:40.642760,192.168.1.56,10.0.0.134,64861,443,TCP,483
2025-07-11 14:55:41.642760,192.168.1.49,10.0.0.6,36604,53,UDP,322
2025-07-11 14:55:42.642760,192.168.1.47,10.0.0.19,30098,22,UDP,675
2025-07-11 14:55:43.642760,192.168.1.5,10.0.0.231,7847,53,UDP,472
2025-07-11 14:55:44.642760,192.168.1.79,10.0.0.212,15881,22,UDP,1091
2025-07-11 14:55:45.642760,192.168.1.57,10.0.0.148,1283,443,TCP,1388
2025-07-11 14:55:46.642760,192.168.1.38,10.0.0.55,30249,53,TCP,688
2025-07-11 14:55:47.642760,192.168.1.97,10.0.0.14,46241,80,UDP,269
2025-07-11 14:55:48.642760,192.168.1.41,10.0.0.153,53509,53,UDP,527
2025-07-11 14:55:49.642760,192.168.1.50,10.0.0.119,5173,53,TCP,194
2025-07-11 14:55:50.642760,192.168.1.47,10.0.0.161,40586,53,UDP,1003
2025-07-11 14:55:51.642760,192.168.1.80,10.0.0.45,58851,53,UDP,912
2025-07-11 14:55:52.642760,192.168.1.72,10.0.0.177,57843,22,TCP,1459
2025-07-11 14:55:53.642760,192.168.1.82,10.0.0.198,59523,53,TCP,479
2025-07-11 14:55:54.642760,192.168.1.97,10.0.0.254,25535,443,UDP,95
2025-07-11 14:55:55.642760,192.168.1.99,10.0.0.87,61155,443,UDP,65
2025-07-11 14:55:56.642760,192.168.1.45,10.0.0.139,44528,22,TCP,406
2025-07-11 14:55:57.642760,192.168.1.6,10.0.0.58,52817,80,UDP,535
2025-07-11 14:55:58.642760,192.168.1.17,10.0.0.125,7081,80,TCP,795
2025-07-11 14:55:59.642760,192.168.1.57,10.0.0.196,32992,22,UDP,1201
2025-07-11 14:56:00.642760,192.168.1.30,10.0.0.43,41233,443,UDP,1132
2025-07-11 14:56:01.642760,192.168.1.74,10.0.0.212,56027,443,UDP,411
2025-07-11 14:56:02.642760,192.168.1.8,10.0.0.224,13384,22,UDP,693
2025-07-11 14:56:03.642760,192.168.1.75,10.0.0.121,8837,22,TCP,337
2025-07-11 14:56:04.642760,192.168.1.63,10.0.0.172,17028,22,TCP,966
2025-07-11 14:56:05.642760,192.168.1.55,10.0.0.186,43293,22,UDP,514
2025-07-11 14:56:06.642760,192.168.1.12,10.0.0.3,44365,443,UDP,665
2025-07-11 14:56:07.642760,192.168.1.97,10.0.0.206,39569,443,UDP,203
2025-07-11 14:56:08.642760,192.168.1.23,10.0.0.106,53984,22,UDP,331
2025-07-11 14:56:09.642760,192.168.1.3,10.0.0.149,5549,22,TCP,1411
2025-07-11 14:56:10.642760,192.168.1.14,10.0.0.164,16458,443,TCP,438
2025-07-11 14:56:11.642760,192.168.1.66,10.0.0.140,65410,53,TCP,1277
2025-07-11 14:56:12.642760,192.168.1.92,10.0.0.33,28413,22,TCP,813
2025-07-11 14:56:13.642760,192.168.1.42,10.0.0.232,40340,80,TCP,1232
2025-07-11 14:56:14.642760,192.168.1.82,10.0.0.48,15122,53,UDP,870
2025-07-11 14:56:15.642760,192.168.1.6,10.0.0.4,62394,80,TCP,297
2025-07-11 14:56:16.642760,192.168.1.50,10.0.0.55,41683,443,UDP,1132
2025-07-11 14:56:17.642760,192.168.1.77,10.0.0.205,22207,80,TCP,837
2025-07-11 14:56:18.642760,192.168.1.72,10.0.0.25,44073,53,TCP,1201
2025-07-11 14:56:19.642760,192.168.1.53,10.0.0.113,59926,22,UDP,547
2025-07-11 14:56:20.642760,192.168.1.44,10.0.0.1,61659,22,TCP,1440
2025-07-11 14:56:21.642760,192.168.1.72,10.0.0.198,10283,22,UDP,112
2025-07-11 14:56:22.642760,192.168.1.92,10.0.0.170,39242,53,TCP,1012
2025-07-11 14:56:23.642760,192.168.1.53,10.0.0.239,58663,22,TCP,1234
2025-07-11 14:56:24.642760,192.168.1.43,10.0.0.154,63231,53,UDP,794
2025-07-11 14:56:25.642760,192.168.1.37,10.0.0.90,5084,80,TCP,1138
2025-07-11 14:56:26.642760,192.168.1.10,10.0.0.138,3579,80,UDP,508
2025-07-11 14:56:27.642760,192.168.1.89,10.0.0.224,53401,80,UDP,1149
2025-07-11 14:56:28.642760,192.168.1.51,10.0.0.172,22512,80,TCP,778
2025-07-11 14:56:29.642760,192.168.1.80,10.0.0.44,48735,53,UDP,1091
2025-07-11 14:56:30.642760,192.168.1.44,10.0.0.156,62841,443,UDP,443
2025-07-11 14:56:31.642760,192.168.1.200,10.0.0.218,33578,12345,TCP,2725
2025-07-11 14:56:32.642760,192.168.1.40,10.0.0.218,53177,22,TCP,318
2025-07-11 14:56:33.642760,192.168.1.79,10.0.0.6,5918,22,TCP,1194
2025-07-11 14:56:34.642760,192.168.1.33,10.0.0.177,59155,443,TCP,971
2025-07-11 14:56:35.642760,192.168.1.69,10.0.0.128,53980,443,TCP,747
2025-07-11 14:56:36.642760,192.168.1.79,10.0.0.2,22553,22,UDP,1340
2025-07-11 14:56:37.642760,192.168.1.38,10.0.0.172,43550,443,TCP,995
2025-07-11 14:56:38.642760,192.168.1.78,10.0.0.142,21614,22,TCP,1372
2025-07-11 14:56:39.642760,192.168.1.51,10.0.0.213,53552,53,UDP,115
2025-07-11 14:56:40.642760,192.168.1.87,10.0.0.174,26600,53,UDP,322
2025-07-11 14:56:41.642760,192.168.1.93,10.0.0.121,17791,53,UDP,802
2025-07-11 14:56:42.642760,192.168.1.3,10.0.0.49,24739,22,TCP,333
2025-07-11 14:56:43.642760,192.168.1.25,10.0.0.171,46298,80,TCP,85
2025-07-11 14:56:44.642760,192.168.1.51,10.0.0.126,32920,80,UDP,500
2025-07-11 14:56:45.642760,192.168.1.12,10.0.0.163,19364,22,UDP,933
2025-07-11 14:56:46.642760,192.168.1.39,10.0.0.8,55423,443,TCP,113
2025-07-11 14:56:47.642760,192.168.1.22,10.0.0.243,45772,53,TCP,650
2025-07-11 14:56:48.642760,192.168.1.30,10.0.0.47,25694,22,TCP,495
2025-07-11 14:56:49.642760,192.168.1.45,10.0.0.225,38068,22,UDP,912
2025-07-11 14:56:50.642760,192.168.1.48,10.0.0.176,56348,22,TCP,349
2025-07-11 14:56:51.642760,192.168.1.31,10.0.0.181,47058,53,TCP,290
2025-07-11 14:56:52.642760,192.168.1.27,10.0.0.106,57251,80,UDP,1067
2025-07-11 14:56:53.642760,192.168.1.44,10.0.0.111,33418,53,TCP,1242
2025-07-11 14:56:54.642760,192.168.1.95,10.0.0.209,22567,443,TCP,836
2025-07-11 14:56:55.642760,192.168.1.20,10.0.0.148,63805,80,UDP,104
2025-07-11 14:56:56.642760,192.168.1.80,10.0.0.101,12391,443,UDP,1247
2025-07-11 14:56:57.642760,192.168.1.34,10.0.0.197,12351,53,TCP,975
2025-07-11 14:56:58.642760,192.168.1.94,10.0.0.142,33684,443,TCP,1041
2025-07-11 14:56:59.642760,192.168.1.19,10.0.0.103,65498,22,TCP,195
2025-07-11 14:57:00.642760,192.168.1.90,10.0.0.6,50097,22,UDP,810
2025-07-11 14:57:01.642760,192.168.1.63,10.0.0.164,8457,22,TCP,735
2025-07-11 14:57:02.642760,192.168.1.32,10.0.0.147,30200,22,TCP,474
2025-07-11 14:57:03.642760,192.168.1.69,10.0.0.102,16278,80,TCP,725
2025-07-11 14:57:04.642760,192.168.1.5,10.0.0.205,37537,53,UDP,89
2025-07-11 14:57:05.642760,192.168.1.64,10.0.0.141,1189,53,UDP,1349
2025-07-11 14:57:06.642760,192.168.1.85,10.0.0.80,39404,22,TCP,707
2025-07-11 14:57:07.642760,192.168.1.32,10.0.0.144,14326,22,TCP,1229
2025-07-11 14:57:08.642760,192.168.1.84,10.0.0.83,38859,22,UDP,560
2025-07-11 14:57:09.642760,192.168.1.96,10.0.0.76,1259,443,UDP,1058
2025-07-11 14:57:10.642760,192.168.1.88,10.0.0.156,46436,80,UDP,1479
2025-07-11 14:57:11.642760,192.168.1.31,10.0.0.27,19843,53,TCP,871
2025-07-11 14:57:12.642760,192.168.1.14,10.0.0.100,63762,80,UDP,1496
2025-07-11 14:57:13.642760,192.168.1.39,10.0.0.63,36312,22,UDP,815
2025-07-11 14:57:14.642760,192.168.1.71,10.0.0.185,52829,443,UDP,752
2025-07-11 14:57:15.642760,192.168.1.18,10.0.0.121,18235,53,UDP,938
2025-07-11 14:57:16.642760,192.168.1.40,10.0.0.4,18226,80,UDP,810
2025-07-11 14:57:17.642760,192.168.1.13,10.0.0.233,36773,443,TCP,306
2025-07-11 14:57:18.642760,192.168.1.18,10.0.0.115,47180,80,UDP,546
2025-07-11 14:57:19.642760,192.168.1.77,10.0.0.144,33614,53,TCP,1276
2025-07-11 14:57:20.642760,192.168.1.64,10.0.0.201,47086,53,UDP,516
2025-07-11 14:57:21.642760,192.168.1.64,10.0.0.111,8135,53,TCP,271
2025-07-11 14:57:22.642760,192.168.1.97,10.0.0.145,61520,53,TCP,1161
2025-07-11 14:57:23.642760,192.168.1.3,10.0.0.70,60151,53,UDP,1152
2025-07-11 14:57:24.642760,192.168.1.73,10.0.0.170,16490,443,TCP,313
2025-07-11 14:57:25.642760,192.168.1.7,10.0.0.252,57213,22,UDP,829
2025-07-11 14:57:26.642760,192.168.1.34,10.0.0.21,32875,80,UDP,329
2025-07-11 14:57:27.642760,192.168.1.54,10.0.0.253,63089,80,TCP,1358
2025-07-11 14:57:28.642760,192.168.1.13,10.0.0.185,31616,443,TCP,362
2025-07-11 14:57:29.642760,192.168.1.79,10.0.0.181,9315,22,UDP,712
2025-07-11 14:57:30.642760,192.168.1.89,10.0.0.88,4956,53,TCP,88
2025-07-11 14:57:31.642760,192.168.1.17,10.0.0.6,60313,443,UDP,733
2025-07-11 14:57:32.642760,192.168.1.64,10.0.0.159,46034,53,TCP,1109
2025-07-11 14:57:33.642760,192.168.1.4,10.0.0.209,4203,80,TCP,907
2025-07-11 14:57:34.642760,192.168.1.8,10.0.0.180,64636,53,TCP,541
2025-07-11 14:57:35.642760,192.168.1.21,10.0.0.210,60270,53,UDP,209
2025-07-11 14:57:36.642760,192.168.1.51,10.0.0.145,54306,443,UDP,1282
2025-07-11 14:57:37.642760,192.168.1.20,10.0.0.231,32745,443,TCP,700
2025-07-11 14:57:38.642760,192.168.1.69,10.0.0.215,36377,443,UDP,913
2025-07-11 14:57:39.642760,192.168.1.42,10.0.0.57,39854,53,TCP,564
2025-07-11 14:57:40.642760,192.168.1.35,10.0.0.111,38963,80,UDP,1247
2025-07-11 14:57:41.642760,192.168.1.96,10.0.0.25,16067,80,UDP,1080
2025-07-11 14:57:42.642760,192.168.1.49,10.0.0.37,18099,80,TCP,436
2025-07-11 14:57:43.642760,192.168.1.29,10.0.0.212,48585,22,TCP,371
2025-07-11 14:57:44.642760,192.168.1.61,10.0.0.93,64612,443,UDP,702
2025-07-11 14:57:45.642760,192.168.1.87,10.0.0.177,59400,443,TCP,448
2025-07-11 14:57:46.642760,192.168.1.48,10.0.0.216,30292,22,UDP,1404
2025-07-11 14:57:47.642760,192.168.1.82,10.0.0.64,61633,53,TCP,1277
2025-07-11 14:57:48.642760,192.168.1.50,10.0.0.86,53021,22,UDP,1471
2025-07-11 14:57:49.642760,192.168.1.4,10.0.0.140,50641,22,TCP,291
2025-07-11 14:57:50.642760,192.168.1.67,10.0.0.18,30269,53,TCP,553
2025-07-11 14:57:51.642760,192.168.1.45,10.0.0.193,56372,53,TCP,329
2025-07-11 14:57:52.642760,192.168.1.23,10.0.0.14,46688,80,TCP,695
2025-07-11 14:57:53.642760,192.168.1.77,10.0.0.99,7285,22,TCP,1235
2025-07-11 14:57:54.642760,192.168.1.91,10.0.0.129,12198,22,TCP,579
2025-07-11 14:57:55.642760,192.168.1.51,10.0.0.139,41017,80,UDP,713
2025-07-11 14:57:56.642760,192.168.1.63,10.0.0.41,31139,443,TCP,973
2025-07-11 14:57:57.642760,192.168.1.39,10.0.0.56,37769,80,TCP,1330
2025-07-11 14:57:58.642760,192.168.1.54,10.0.0.211,31502,80,TCP,222
2025-07-11 14:57:59.642760,192.168.1.29,10.0.0.30,47037,22,TCP,1119
2025-07-11 14:58:00.642760,192.168.1.74,10.0.0.190,22825,22,TCP,469
2025-07-11 14:58:01.642760,192.168.1.90,10.0.0.21,31053,80,UDP,284
2025-07-11 14:58:02.642760,192.168.1.41,10.0.0.18,12150,22,TCP,545
2025-07-11 14:58:03.642760,192.168.1.17,10.0.0.113,29407,443,TCP,587
2025-07-11 14:58:04.642760,192.168.1.74,10.0.0.140,35666,80,TCP,186
2025-07-11 14:58:05.642760,192.168.1.22,10.0.0.144,46704,443,TCP,204
2025-07-11 14:58:06.642760,192.168.1.70,10.0.0.215,55385,22,TCP,625
2025-07-11 14:58:07.642760,192.168.1.79,10.0.0.97,32061,80,TCP,938
2025-07-11 14:58:08.642760,192.168.1.9,10.0.0.131,11625,443,TCP,1226
2025-07-11 14:58:09.642760,192.168.1.75,10.0.0.186,58322,443,TCP,732
2025-07-11 14:58:10.642760,192.168.1.74,10.0.0.147,36914,53,UDP,870
2025-07-11 14:58:11.642760,192.168.1.200,10.0.0.40,40000,12345,TCP,2065
2025-07-11 14:58:12.642760,192.168.1.23,10.0.0.14,43582,22,TCP,1362
2025-07-11 14:58:13.642760,192.168.1.62,10.0.0.51,50914,22,UDP,685
2025-07-11 14:58:14.642760,192.168.1.15,10.0.0.78,60746,443,TCP,1008
2025-07-11 14:58:15.642760,192.168.1.47,10.0.0.220,53720,53,TCP,1146
2025-07-11 14:58:16.642760,192.168.1.97,10.0.0.1,53098,53,UDP,1139
2025-07-11 14:58:17.642760,192.168.1.57,10.0.0.190,22394,22,TCP,461
2025-07-11 14:58:18.642760,192.168.1.91,10.0.0.128,13941,80,TCP,1064
2025-07-11 14:58:19.642760,192.168.1.54,10.0.0.252,47843,53,UDP,704
2025-07-11 14:58:20.642760,192.168.1.45,10.0.0.70,18741,22,TCP,158
2025-07-11 14:58:21.642760,192.168.1.1,10.0.0.178,30010,22,TCP,267
2025-07-11 14:58:22.642760,192.168.1.46,10.0.0.204,6033,80,UDP,1135
2025-07-11 14:58:23.642760,192.168.1.20,10.0.0.218,34416,443,UDP,466
2025-07-11 14:58:24.642760,192.168.1.61,10.0.0.109,26501,53,TCP,220
2025-07-11 14:58:25.642760,192.168.1.33,10.0.0.111,10357,443,TCP,1444
2025-07-11 14:58:26.642760,192.168.1.25,10.0.0.94,31282,443,TCP,756
2025-07-11 14:58:27.642760,192.168.1.83,10.0.0.244,21414,443,TCP,313
2025-07-11 14:58:28.642760,192.168.1.74,10.0.0.253,6959,80,UDP,290
2025-07-11 14:58:29.642760,192.168.1.10,10.0.0.186,31773,443,TCP,655
2025-07-11 14:58:30.642760,192.168.1.45,10.0.0.196,6938,80,UDP,513
2025-07-11 14:58:31.642760,192.168.1.68,10.0.0.29,63176,80,TCP,266
2025-07-11 14:58:32.642760,192.168.1.94,10.0.0.138,26803,53,TCP,856
2025-07-11 14:58:33.642760,192.168.1.77,10.0.0.91,22383,80,TCP,429
2025-07-11 14:58:34.642760,192.168.1.42,10.0.0.253,64370,22,UDP,1328
2025-07-11 14:58:35.642760,192.168.1.71,10.0.0.45,9232,53,UDP,1036
2025-07-11 14:58:36.642760,192.168.1.81,10.0.0.225,19578,22,UDP,303
2025-07-11 14:58:37.642760,192.168.1.39,10.0.0.180,8253,443,UDP,427
2025-07-11 14:58:38.642760,192.168.1.99,10.0.0.209,21957,53,TCP,362
2025-07-11 14:58:39.642760,192.168.1.43,10.0.0.252,10881,53,UDP,772
2025-07-11 14:58:40.642760,192.168.1.40,10.0.0.64,8843,53,UDP,943
2025-07-11 14:58:41.642760,192.168.1.57,10.0.0.135,51794,22,UDP,1448
2025-07-11 14:58:42.642760,192.168.1.38,10.0.0.17,36013,22,TCP,312
2025-07-11 14:58:43.642760,192.168.1.73,10.0.0.31,48052,53,TCP,914
2025-07-11 14:58:44.642760,192.168.1.8,10.0.0.87,62992,80,TCP,87
2025-07-11 14:58:45.642760,192.168.1.41,10.0.0.235,10454,443,TCP,881
2025-07-11 14:58:46.642760,192.168.1.11,10.0.0.39,5768,53,TCP,1034
2025-07-11 14:58:47.642760,192.168.1.21,10.0.0.122,29433,22,UDP,441
2025-07-11 14:58:48.642760,192.168.1.42,10.0.0.180,11290,443,UDP,1469
2025-07-11 14:58:49.642760,192.168.1.97,10.0.0.154,53398,22,TCP,1247
2025-07-11 14:58:50.642760,192.168.1.85,10.0.0.92,31757,80,TCP,1259
2025-07-11 14:58:51.642760,192.168.1.25,10.0.0.155,54005,80,UDP,653
2025-07-11 14:58:52.642760,192.168.1.52,10.0.0.166,18474,53,UDP,147
2025-07-11 14:58:53.642760,192.168.1.45,10.0.0.89,21373,53,TCP,416
2025-07-11 14:58:54.642760,192.168.1.58,10.0.0.110,27718,443,TCP,1006
2025-07-11 14:58:55.642760,192.168.1.58,10.0.0.155,35400,22,TCP,805
2025-07-11 14:58:56.642760,192.168.1.56,10.0.0.25,1238,22,TCP,514
2025-07-11 14:58:57.642760,192.168.1.13,10.0.0.34,6879,443,TCP,1157
2025-07-11 14:58:58.642760,192.168.1.6,10.0.0.245,36882,22,TCP,1239
2025-07-11 14:58:59.642760,192.168.1.61,10.0.0.62,54092,443,UDP,940
2025-07-11 14:59:00.642760,192.168.1.42,10.0.0.48,18029,80,UDP,1424
2025-07-11 14:59:01.642760,192.168.1.46,10.0.0.12,11744,53,UDP,111
2025-07-11 14:59:02.642760,192.168.1.51,10.0.0.189,57023,80,UDP,1435
2025-07-11 14:59:03.642760,192.168.1.61,10.0.0.185,37414,443,TCP,378
2025-07-11 14:59:04.642760,192.168.1.34,10.0.0.198,59685,443,TCP,869
2025-07-11 14:59:05.642760,192.168.1.61,10.0.0.34,11187,80,TCP,568
2025-07-11 14:59:06.642760,192.168.1.4,10.0.0.182,51912,80,TCP,839
2025-07-11 14:59:07.642760,192.168.1.72,10.0.0.120,4936,53,UDP,692
2025-07-11 14:59:08.642760,192.168.1.77,10.0.0.160,45797,53,TCP,1126
2025-07-11 14:59:09.642760,192.168.1.85,10.0.0.87,28452,80,TCP,355
2025-07-11 14:59:10.642760,192.168.1.60,10.0.0.106,46679,443,TCP,1250
2025-07-11 14:59:11.642760,192.168.1.94,10.0.0.209,16530,443,TCP,640
2025-07-11 14:59:12.642760,192.168.1.69,10.0.0.214,8135,22,TCP,157
2025-07-11 14:59:13.642760,192.168.1.42,10.0.0.193,49854,80,TCP,485
2025-07-11 14:59:14.642760,192.168.1.95,10.0.0.44,30421,80,UDP,1143
2025-07-11 14:59:15.642760,192.168.1.4,10.0.0.99,46344,443,TCP,1001
2025-07-11 14:59:16.642760,192.168.1.38,10.0.0.168,14882,53,UDP,968
2025-07-11 14:59:17.642760,192.168.1.37,10.0.0.222,11407,443,UDP,286
2025-07-11 14:59:18.642760,192.168.1.37,10.0.0.199,28926,53,TCP,778
2025-07-11 14:59:19.642760,192.168.1.7,10.0.0.3,43732,443,TCP,1326
2025-07-11 14:59:20.642760,192.168.1.71,10.0.0.223,1190,80,TCP,1011
2025-07-11 14:59:21.642760,192.168.1.96,10.0.0.90,41623,443,TCP,241
2025-07-11 14:59:22.642760,192.168.1.61,10.0.0.44,50615,80,TCP,273
2025-07-11 14:59:23.642760,192.168.1.86,10.0.0.101,58452,53,UDP,559
2025-07-11 14:59:24.642760,192.168.1.70,10.0.0.34,34223,53,UDP,1373
2025-07-11 14:59:25.642760,192.168.1.47,10.0.0.82,14495,53,UDP,565
2025-07-11 14:59:26.642760,192.168.1.37,10.0.0.41,51148,443,UDP,803
2025-07-11 14:59:27.642760,192.168.1.74,10.0.0.197,64099,443,UDP,1432
2025-07-11 14:59:28.642760,192.168.1.69,10.0.0.185,50345,80,TCP,736
2025-07-11 14:59:29.642760,192.168.1.82,10.0.0.28,54847,53,TCP,906
2025-07-11 14:59:30.642760,192.168.1.61,10.0.0.208,18649,53,UDP,695
2025-07-11 14:59:31.642760,192.168.1.95,10.0.0.178,16595,443,UDP,1455
2025-07-11 14:59:32.642760,192.168.1.66,10.0.0.129,2352,80,TCP,636
2025-07-11 14:59:33.642760,192.168.1.60,10.0.0.192,20501,22,TCP,298
2025-07-11 14:59:34.642760,192.168.1.93,10.0.0.222,2198,53,UDP,693
2025-07-11 14:59:35.642760,192.168.1.37,10.0.0.241,6775,443,TCP,1458
2025-07-11 14:59:36.642760,192.168.1.52,10.0.0.37,64416,53,TCP,1052
2025-07-11 14:59:37.642760,192.168.1.91,10.0.0.31,49942,80,UDP,1417
2025-07-11 14:59:38.642760,192.168.1.66,10.0.0.8,4589,443,TCP,1234
2025-07-11 14:59:39.642760,192.168.1.91,10.0.0.243,39073,80,TCP,627
2025-07-11 14:59:40.642760,192.168.1.32,10.0.0.119,63750,80,UDP,68
2025-07-11 14:59:41.642760,192.168.1.73,10.0.0.94,4035,80,TCP,1040
2025-07-11 14:59:42.642760,192.168.1.66,10.0.0.233,51024,443,UDP,1432
2025-07-11 14:59:43.642760,192.168.1.4,10.0.0.169,17139,22,UDP,137
2025-07-11 14:59:44.642760,192.168.1.74,10.0.0.53,10169,53,UDP,1283
2025-07-11 14:59:45.642760,192.168.1.85,10.0.0.183,24174,80,UDP,651
2025-07-11 14:59:46.642760,192.168.1.18,10.0.0.254,17023,22,TCP,1324
2025-07-11 14:59:47.642760,192.168.1.32,10.0.0.236,41095,443,TCP,1171
2025-07-11 14:59:48.642760,192.168.1.39,10.0.0.245,9040,53,UDP,572
2025-07-11 14:59:49.642760,192.168.1.95,10.0.0.99,17230,443,TCP,707
2025-07-11 14:59:50.642760,192.168.1.73,10.0.0.197,48523,22,TCP,448
2025-07-11 14:59:51.642760,192.168.1.200,10.0.0.236,62453,12345,TCP,2390
2025-07-11 14:59:52.642760,192.168.1.74,10.0.0.89,55723,22,UDP,1191
2025-07-11 14:59:53.642760,192.168.1.96,10.0.0.180,50021,53,TCP,731
2025-07-11 14:59:54.642760,192.168.1.36,10.0.0.81,27185,80,UDP,248
2025-07-11 14:59:55.642760,192.168.1.61,10.0.0.228,12287,443,UDP,800
2025-07-11 14:59:56.642760,192.168.1.40,10.0.0.200,52653,53,UDP,561
2025-07-11 14:59:57.642760,192.168.1.48,10.0.0.208,34692,80,UDP,313
2025-07-11 14:59:58.642760,192.168.1.89,10.0.0.3,62620,53,TCP,319
2025-07-11 14:59:59.642760,192.168.1.89,10.0.0.213,11081,53,UDP,767
2025-07-11 15:00:00.642760,192.168.1.59,10.0.0.72,3184,53,UDP,983
2025-07-11 15:00:01.642760,192.168.1.45,10.0.0.167,27435,443,TCP,916
2025-07-11 15:00:02.642760,192.168.1.40,10.0.0.114,56333,53,TCP,1268
2025-07-11 15:00:03.642760,192.168.1.39,10.0.0.128,54223,22,TCP,348
2025-07-11 15:00:04.642760,192.168.1.58,10.0.0.145,33666,53,TCP,1124
2025-07-11 15:00:05.642760,192.168.1.7,10.0.0.117,37872,53,UDP,125
2025-07-11 15:00:06.642760,192.168.1.59,10.0.0.38,42675,53,UDP,362
2025-07-11 15:00:07.642760,192.168.1.39,10.0.0.199,55745,80,TCP,411
2025-07-11 15:00:08.642760,192.168.1.86,10.0.0.99,33120,53,TCP,680
2025-07-11 15:00:09.642760,192.168.1.31,10.0.0.27,36345,80,TCP,761
2025-07-11 15:00:10.642760,192.168.1.95,10.0.0.150,10106,22,UDP,352
2025-07-11 15:00:11.642760,192.168.1.85,10.0.0.2,31566,22,UDP,1106
2025-07-11 15:00:12.642760,192.168.1.67,10.0.0.24,59035,80,UDP,211
2025-07-11 15:00:13.642760,192.168.1.64,10.0.0.29,30027,22,UDP,445
2025-07-11 15:00:14.642760,192.168.1.26,10.0.0.39,58026,22,UDP,1444
2025-07-11 15:00:15.642760,192.168.1.4,10.0.0.34,13121,80,UDP,791
2025-07-11 15:00:16.642760,192.168.1.52,10.0.0.150,62492,22,UDP,1292
2025-07-11 15:00:17.642760,192.168.1.34,10.0.0.171,62532,53,UDP,120
2025-07-11 15:00:18.642760,192.168.1.31,10.0.0.83,51614,80,TCP,1336
2025-07-11 15:00:19.642760,192.168.1.23,10.0.0.222,28558,80,TCP,162
2025-07-11 15:00:20.642760,192.168.1.80,10.0.0.10,29630,22,UDP,1370
2025-07-11 15:00:21.642760,192.168.1.56,10.0.0.226,33916,443,UDP,1471
2025-07-11 15:00:22.642760,192.168.1.10,10.0.0.214,38680,53,TCP,1479
2025-07-11 15:00:23.642760,192.168.1.41,10.0.0.192,21724,53,TCP,838
2025-07-11 15:00:24.642760,192.168.1.94,10.0.0.90,22631,443,UDP,1203
2025-07-11 15:00:25.642760,192.168.1.67,10.0.0.40,64366,443,TCP,314
2025-07-11 15:00:26.642760,192.168.1.79,10.0.0.3,37082,443,UDP,1211
2025-07-11 15:00:27.642760,192.168.1.90,10.0.0.179,48468,22,UDP,172
2025-07-11 15:00:28.642760,192.168.1.72,10.0.0.153,12599,80,UDP,748
2025-07-11 15:00:29.642760,192.168.1.67,10.0.0.55,17541,80,UDP,891
2025-07-11 15:00:30.642760,192.168.1.69,10.0.0.90,31476,22,UDP,1383
2025-07-11 15:00:31.642760,192.168.1.22,10.0.0.124,3035,22,TCP,1500
2025-07-11 15:00:32.642760,192.168.1.43,10.0.0.184,38889,80,TCP,574
2025-07-11 15:00:33.642760,192.168.1.68,10.0.0.12,35198,22,UDP,969
2025-07-11 15:00:34.642760,192.168.1.70,10.0.0.226,46159,22,UDP,514
2025-07-11 15:00:35.642760,192.168.1.68,10.0.0.37,62124,53,UDP,1099
2025-07-11 15:00:36.642760,192.168.1.75,10.0.0.42,24978,22,TCP,251
2025-07-11 15:00:37.642760,192.168.1.31,10.0.0.29,58916,443,UDP,381
2025-07-11 15:00:38.642760,192.168.1.24,10.0.0.206,26660,443,UDP,470
2025-07-11 15:00:39.642760,192.168.1.66,10.0.0.163,57301,53,TCP,1045
2025-07-11 15:00:40.642760,192.168.1.59,10.0.0.94,56628,80,UDP,1245
2025-07-11 15:00:41.642760,192.168.1.89,10.0.0.158,14047,22,UDP,1195
2025-07-11 15:00:42.642760,192.168.1.16,10.0.0.54,43979,80,UDP,1281
2025-07-11 15:00:43.642760,192.168.1.15,10.0.0.89,40708,80,TCP,1469
2025-07-11 15:00:44.642760,192.168.1.20,10.0.0.125,14324,53,TCP,539
2025-07-11 15:00:45.642760,192.168.1.18,10.0.0.223,55786,80,TCP,445
2025-07-11 15:00:46.642760,192.168.1.100,10.0.0.193,53616,22,UDP,130
2025-07-11 15:00:47.642760,192.168.1.89,10.0.0.160,3972,22,TCP,933
2025-07-11 15:00:48.642760,192.168.1.85,10.0.0.57,34285,53,UDP,160
2025-07-11 15:00:49.642760,192.168.1.45,10.0.0.189,18277,80,UDP,444
2025-07-11 15:00:50.642760,192.168.1.72,10.0.0.38,34922,53,UDP,1036
2025-07-11 15:00:51.642760,192.168.1.73,10.0.0.239,51369,443,TCP,1484
2025-07-11 15:00:52.642760,192.168.1.14,10.0.0.139,55780,443,TCP,989
2025-07-11 15:00:53.642760,192.168.1.7,10.0.0.200,28172,80,UDP,145
2025-07-11 15:00:54.642760,192.168.1.78,10.0.0.217,36577,443,TCP,1060
2025-07-11 15:00:55.642760,192.168.1.11,10.0.0.95,47312,53,TCP,1116
2025-07-11 15:00:56.642760,192.168.1.65,10.0.0.95,28524,53,UDP,649
2025-07-11 15:00:57.642760,192.168.1.7,10.0.0.245,29654,53,TCP,462
2025-07-11 15:00:58.642760,192.168.1.63,10.0.0.47,38821,80,TCP,68
2025-07-11 15:00:59.642760,192.168.1.74,10.0.0.52,1587,443,UDP,926
2025-07-11 15:01:00.642760,192.168.1.19,10.0.0.72,31953,22,TCP,234
2025-07-11 15:01:01.642760,192.168.1.67,10.0.0.103,25973,443,TCP,571
2025-07-11 15:01:02.642760,192.168.1.13,10.0.0.28,32780,22,UDP,468
2025-07-11 15:01:03.642760,192.168.1.72,10.0.0.113,13790,80,TCP,692
2025-07-11 15:01:04.642760,192.168.1.19,10.0.0.84,41738,22,TCP,143
2025-07-11 15:01:05.642760,192.168.1.36,10.0.0.132,17631,80,TCP,1156
2025-07-11 15:01:06.642760,192.168.1.20,10.0.0.143,28869,22,TCP,1447
2025-07-11 15:01:07.642760,192.168.1.78,10.0.0.235,4271,22,UDP,632
2025-07-11 15:01:08.642760,192.168.1.90,10.0.0.64,61309,80,TCP,1302
2025-07-11 15:01:09.642760,192.168.1.9,10.0.0.66,39389,80,UDP,325
2025-07-11 15:01:10.642760,192.168.1.14,10.0.0.22,19968,22,TCP,828
2025-07-11 15:01:11.642760,192.168.1.24,10.0.0.86,15766,53,TCP,456
2025-07-11 15:01:12.642760,192.168.1.88,10.0.0.129,56152,80,TCP,1370
2025-07-11 15:01:13.642760,192.168.1.87,10.0.0.201,23398,53,UDP,908
2025-07-11 15:01:14.642760,192.168.1.13,10.0.0.25,17254,443,TCP,861
2025-07-11 15:01:15.642760,192.168.1.65,10.0.0.174,26899,443,UDP,251
2025-07-11 15:01:16.642760,192.168.1.47,10.0.0.200,45569,443,UDP,1494
2025-07-11 15:01:17.642760,192.168.1.63,10.0.0.209,48341,443,TCP,144
2025-07-11 15:01:18.642760,192.168.1.30,10.0.0.18,36026,443,UDP,648
2025-07-11 15:01:19.642760,192.168.1.54,10.0.0.95,7349,53,UDP,985
2025-07-11 15:01:20.642760,192.168.1.46,10.0.0.189,55724,22,UDP,468
2025-07-11 15:01:21.642760,192.168.1.57,10.0.0.100,38378,22,TCP,744
2025-07-11 15:01:22.642760,192.168.1.53,10.0.0.141,53704,53,UDP,519
2025-07-11 15:01:23.642760,192.168.1.5,10.0.0.114,27976,22,TCP,117
2025-07-11 15:01:24.642760,192.168.1.66,10.0.0.187,54171,80,UDP,994
2025-07-11 15:01:25.642760,192.168.1.7,10.0.0.237,57724,53,TCP,846
2025-07-11 15:01:26.642760,192.168.1.15,10.0.0.54,56378,53,UDP,960
2025-07-11 15:01:27.642760,192.168.1.76,10.0.0.135,26817,22,TCP,566
2025-07-11 15:01:28.642760,192.168.1.64,10.0.0.202,42628,443,TCP,967
2025-07-11 15:01:29.642760,192.168.1.27,10.0.0.223,49952,443,TCP,1036
2025-07-11 15:01:30.642760,192.168.1.1,10.0.0.30,59696,80,UDP,971
2025-07-11 15:01:31.642760,192.168.1.200,10.0.0.87,29967,12345,UDP,2741
2025-07-11 15:01:32.642760,192.168.1.86,10.0.0.31,14635,53,TCP,273
2025-07-11 15:01:33.642760,192.168.1.17,10.0.0.70,42582,22,TCP,428
2025-07-11 15:01:34.642760,192.168.1.85,10.0.0.141,38083,22,UDP,601
2025-07-11 15:01:35.642760,192.168.1.83,10.0.0.109,3153,22,UDP,366
2025-07-11 15:01:36.642760,192.168.1.26,10.0.0.174,21748,80,TCP,817
2025-07-11 15:01:37.642760,192.168.1.98,10.0.0.135,60902,22,UDP,614
2025-07-11 15:01:38.642760,192.168.1.69,10.0.0.113,62421,53,TCP,1069
2025-07-11 15:01:39.642760,192.168.1.94,10.0.0.168,6794,53,TCP,64
2025-07-11 15:01:40.642760,192.168.1.68,10.0.0.180,29775,443,UDP,728
2025-07-11 15:01:41.642760,192.168.1.24,10.0.0.240,48425,22,UDP,694
2025-07-11 15:01:42.642760,192.168.1.21,10.0.0.110,11063,53,TCP,1231
2025-07-11 15:01:43.642760,192.168.1.94,10.0.0.181,2070,53,UDP,155
2025-07-11 15:01:44.642760,192.168.1.4,10.0.0.149,2635,22,TCP,1068
2025-07-11 15:01:45.642760,192.168.1.80,10.0.0.89,46444,22,TCP,705
2025-07-11 15:01:46.642760,192.168.1.80,10.0.0.72,57591,22,TCP,522
2025-07-11 15:01:47.642760,192.168.1.12,10.0.0.216,61083,22,TCP,663
2025-07-11 15:01:48.642760,192.168.1.42,10.0.0.106,59570,443,TCP,249
2025-07-11 15:01:49.642760,192.168.1.59,10.0.0.85,47390,53,UDP,1172
2025-07-11 15:01:50.642760,192.168.1.20,10.0.0.126,39009,80,TCP,644
2025-07-11 15:01:51.642760,192.168.1.70,10.0.0.26,36711,53,TCP,774
2025-07-11 15:01:52.642760,192.168.1.24,10.0.0.254,46352,80,UDP,410
2025-07-11 15:01:53.642760,192.168.1.99,10.0.0.247,26879,22,TCP,833
2025-07-11 15:01:54.642760,192.168.1.9,10.0.0.127,48881,22,TCP,949
2025-07-11 15:01:55.642760,192.168.1.29,10.0.0.58,42597,22,UDP,806
2025-07-11 15:01:56.642760,192.168.1.84,10.0.0.246,57922,443,TCP,889
2025-07-11 15:01:57.642760,192.168.1.74,10.0.0.224,60057,22,TCP,182
2025-07-11 15:01:58.642760,192.168.1.50,10.0.0.1,8092,22,TCP,1393
2025-07-11 15:01:59.642760,192.168.1.24,10.0.0.138,35441,22,TCP,601
2025-07-11 15:02:00.642760,192.168.1.95,10.0.0.253,57137,443,TCP,1147
2025-07-11 15:02:01.642760,192.168.1.55,10.0.0.67,41529,53,UDP,1204
2025-07-11 15:02:02.642760,192.168.1.29,10.0.0.28,21898,22,TCP,812
2025-07-11 15:02:03.642760,192.168.1.31,10.0.0.156,49296,80,TCP,930
2025-07-11 15:02:04.642760,192.168.1.33,10.0.0.120,22397,22,UDP,1015
2025-07-11 15:02:05.642760,192.168.1.46,10.0.0.156,47924,22,UDP,1265
2025-07-11 15:02:06.642760,192.168.1.8,10.0.0.180,2893,53,UDP,1487
2025-07-11 15:02:07.642760,192.168.1.33,10.0.0.27,60563,22,UDP,425
2025-07-11 15:02:08.642760,192.168.1.15,10.0.0.167,3333,22,TCP,1152
2025-07-11 15:02:09.642760,192.168.1.78,10.0.0.211,56708,443,TCP,1407
2025-07-11 15:02:10.642760,192.168.1.54,10.0.0.181,22553,80,UDP,1388
2025-07-11 15:02:11.642760,192.168.1.86,10.0.0.98,52530,80,TCP,986
2025-07-11 15:02:12.642760,192.168.1.28,10.0.0.69,55880,443,UDP,187
2025-07-11 15:02:13.642760,192.168.1.44,10.0.0.80,21774,80,TCP,452
2025-07-11 15:02:14.642760,192.168.1.37,10.0.0.54,2716,53,UDP,442
2025-07-11 15:02:15.642760,192.168.1.90,10.0.0.80,4014,80,TCP,1456
2025-07-11 15:02:16.642760,192.168.1.13,10.0.0.27,46136,80,UDP,1136
2025-07-11 15:02:17.642760,192.168.1.98,10.0.0.213,37968,22,UDP,1077
2025-07-11 15:02:18.642760,192.168.1.30,10.0.0.36,18994,80,TCP,1010
2025-07-11 15:02:19.642760,192.168.1.6,10.0.0.157,12273,80,UDP,734
2025-07-11 15:02:20.642760,192.168.1.37,10.0.0.105,12355,53,TCP,249
2025-07-11 15:02:21.642760,192.168.1.70,10.0.0.179,58698,53,UDP,1301
2025-07-11 15:02:22.642760,192.168.1.95,10.0.0.49,31610,22,TCP,672
2025-07-11 15:02:23.642760,192.168.1.65,10.0.0.76,38851,53,TCP,542
2025-07-11 15:02:24.642760,192.168.1.84,10.0.0.161,35636,443,TCP,1267
2025-07-11 15:02:25.642760,192.168.1.24,10.0.0.13,4653,80,TCP,163
2025-07-11 15:02:26.642760,192.168.1.12,10.0.0.230,15361,443,TCP,314
2025-07-11 15:02:27.642760,192.168.1.9,10.0.0.197,3678,53,UDP,946
2025-07-11 15:02:28.642760,192.168.1.76,10.0.0.84,35599,22,UDP,1320
2025-07-11 15:02:29.642760,192.168.1.7,10.0.0.202,14663,80,TCP,1462
2025-07-11 15:02:30.642760,192.168.1.52,10.0.0.213,38258,22,UDP,1144
2025-07-11 15:02:31.642760,192.168.1.79,10.0.0.63,47211,80,TCP,210
2025-07-11 15:02:32.642760,192.168.1.97,10.0.0.247,42720,80,UDP,559
2025-07-11 15:02:33.642760,192.168.1.42,10.0.0.192,9436,22,UDP,650
2025-07-11 15:02:34.642760,192.168.1.100,10.0.0.101,25849,80,TCP,1035
2025-07-11 15:02:35.642760,192.168.1.59,10.0.0.57,41218,443,UDP,368
2025-07-11 15:02:36.642760,192.168.1.30,10.0.0.125,11345,80,TCP,367
2025-07-11 15:02:37.642760,192.168.1.15,10.0.0.37,16694,80,UDP,330
2025-07-11 15:02:38.642760,192.168.1.23,10.0.0.96,17783,80,UDP,234
2025-07-11 15:02:39.642760,192.168.1.9,10.0.0.120,61342,443,TCP,521
2025-07-11 15:02:40.642760,192.168.1.59,10.0.0.40,63791,80,UDP,1036
2025-07-11 15:02:41.642760,192.168.1.95,10.0.0.76,64268,443,TCP,481
2025-07-11 15:02:42.642760,192.168.1.95,10.0.0.153,54592,443,UDP,242
2025-07-11 15:02:43.642760,192.168.1.27,10.0.0.13,23042,443,TCP,139
2025-07-11 15:02:44.642760,192.168.1.71,10.0.0.96,41691,443,TCP,170
2025-07-11 15:02:45.642760,192.168.1.37,10.0.0.170,14022,443,UDP,1488
2025-07-11 15:02:46.642760,192.168.1.90,10.0.0.139,36074,443,TCP,1355
2025-07-11 15:02:47.642760,192.168.1.15,10.0.0.236,25991,80,UDP,1480
2025-07-11 15:02:48.642760,192.168.1.65,10.0.0.110,19093,80,TCP,401
2025-07-11 15:02:49.642760,192.168.1.17,10.0.0.228,34991,53,TCP,164
2025-07-11 15:02:50.642760,192.168.1.49,10.0.0.104,12156,80,UDP,1382
2025-07-11 15:02:51.642760,192.168.1.92,10.0.0.97,32807,80,UDP,148
2025-07-11 15:02:52.642760,192.168.1.41,10.0.0.21,62880,80,UDP,1447
2025-07-11 15:02:53.642760,192.168.1.58,10.0.0.45,37086,80,UDP,1391
2025-07-11 15:02:54.642760,192.168.1.40,10.0.0.125,21652,22,TCP,743
2025-07-11 15:02:55.642760,192.168.1.48,10.0.0.80,58263,53,UDP,656
2025-07-11 15:02:56.642760,192.168.1.73,10.0.0.16,45550,80,TCP,727
2025-07-11 15:02:57.642760,192.168.1.100,10.0.0.33,3659,53,TCP,830
2025-07-11 15:02:58.642760,192.168.1.24,10.0.0.115,31737,22,UDP,277
2025-07-11 15:02:59.642760,192.168.1.62,10.0.0.198,19170,443,TCP,1244
2025-07-11 15:03:00.642760,192.168.1.10,10.0.0.165,11998,22,UDP,1145
2025-07-11 15:03:01.642760,192.168.1.20,10.0.0.173,55148,80,UDP,639
2025-07-11 15:03:02.642760,192.168.1.14,10.0.0.65,63531,443,TCP,125
2025-07-11 15:03:03.642760,192.168.1.16,10.0.0.248,30310,53,TCP,175
2025-07-11 15:03:04.642760,192.168.1.43,10.0.0.147,23219,80,TCP,906
2025-07-11 15:03:05.642760,192.168.1.98,10.0.0.211,36806,53,TCP,630
2025-07-11 15:03:06.642760,192.168.1.95,10.0.0.40,62166,22,UDP,1232
2025-07-11 15:03:07.642760,192.168.1.39,10.0.0.12,27458,53,TCP,608
2025-07-11 15:03:08.642760,192.168.1.36,10.0.0.162,37671,443,UDP,1234
2025-07-11 15:03:09.642760,192.168.1.53,10.0.0.220,19588,22,UDP,511
2025-07-11 15:03:10.642760,192.168.1.93,10.0.0.144,43731,80,TCP,351
2025-07-11 15:03:11.642760,192.168.1.200,10.0.0.62,58257,12345,TCP,2556
2025-07-11 15:03:12.642760,192.168.1.85,10.0.0.178,60852,80,TCP,904
2025-07-11 15:03:13.642760,192.168.1.47,10.0.0.97,17048,443,UDP,613
2025-07-11 15:03:14.642760,192.168.1.43,10.0.0.67,25073,80,UDP,1409
2025-07-11 15:03:15.642760,192.168.1.30,10.0.0.192,38527,80,UDP,562
2025-07-11 15:03:16.642760,192.168.1.44,10.0.0.132,21823,443,UDP,332
2025-07-11 15:03:17.642760,192.168.1.9,10.0.0.112,23046,80,UDP,523
2025-07-11 15:03:18.642760,192.168.1.7,10.0.0.200,17399,22,UDP,203
2025-07-11 15:03:19.642760,192.168.1.62,10.0.0.66,15346,22,UDP,261
2025-07-11 15:03:20.642760,192.168.1.2,10.0.0.129,58404,80,UDP,610
2025-07-11 15:03:21.642760,192.168.1.40,10.0.0.228,57755,80,UDP,1016
2025-07-11 15:03:22.642760,192.168.1.84,10.0.0.81,38733,22,UDP,494
2025-07-11 15:03:23.642760,192.168.1.4,10.0.0.16,61184,22,UDP,996
2025-07-11 15:03:24.642760,192.168.1.67,10.0.0.101,32719,443,UDP,601
2025-07-11 15:03:25.642760,192.168.1.78,10.0.0.245,62761,22,UDP,1206
2025-07-11 15:03:26.642760,192.168.1.3,10.0.0.151,6311,53,TCP,924
2025-07-11 15:03:27.642760,192.168.1.17,10.0.0.48,15283,22,TCP,274
2025-07-11 15:03:28.642760,192.168.1.26,10.0.0.95,49022,53,TCP,341
2025-07-11 15:03:29.642760,192.168.1.60,10.0.0.254,39295,22,TCP,246
2025-07-11 15:03:30.642760,192.168.1.99,10.0.0.165,59265,53,TCP,605
2025-07-11 15:03:31.642760,192.168.1.49,10.0.0.97,8540,443,UDP,200
2025-07-11 15:03:32.642760,192.168.1.85,10.0.0.163,29449,443,TCP,801
2025-07-11 15:03:33.642760,192.168.1.29,10.0.0.149,61264,22,TCP,1468
2025-07-11 15:03:34.642760,192.168.1.97,10.0.0.186,6915,53,TCP,991
2025-07-11 15:03:35.642760,192.168.1.43,10.0.0.183,28690,80,UDP,1025
2025-07-11 15:03:36.642760,192.168.1.87,10.0.0.206,64668,53,TCP,875
2025-07-11 15:03:37.642760,192.168.1.21,10.0.0.100,28082,53,UDP,188
2025-07-11 15:03:38.642760,192.168.1.34,10.0.0.113,4412,53,TCP,759
2025-07-11 15:03:39.642760,192.168.1.29,10.0.0.95,52400,80,TCP,1076
2025-07-11 15:03:40.642760,192.168.1.53,10.0.0.55,18878,443,UDP,587
2025-07-11 15:03:41.642760,192.168.1.66,10.0.0.226,64594,22,UDP,904
2025-07-11 15:03:42.642760,192.168.1.76,10.0.0.45,52495,53,TCP,1345
2025-07-11 15:03:43.642760,192.168.1.24,10.0.0.7,39362,22,TCP,666
2025-07-11 15:03:44.642760,192.168.1.45,10.0.0.72,53380,22,TCP,1245
2025-07-11 15:03:45.642760,192.168.1.69,10.0.0.30,12166,443,TCP,268
2025-07-11 15:03:46.642760,192.168.1.97,10.0.0.183,27217,22,UDP,1272
2025-07-11 15:03:47.642760,192.168.1.22,10.0.0.80,7739,22,UDP,188
2025-07-11 15:03:48.642760,192.168.1.34,10.0.0.228,15852,80,UDP,1425
2025-07-11 15:03:49.642760,192.168.1.59,10.0.0.124,19542,443,TCP,381
2025-07-11 15:03:50.642760,192.168.1.90,10.0.0.78,62533,80,TCP,1076
2025-07-11 15:03:51.642760,192.168.1.83,10.0.0.95,23617,22,TCP,90
2025-07-11 15:03:52.642760,192.168.1.73,10.0.0.87,14261,443,UDP,908
2025-07-11 15:03:53.642760,192.168.1.5,10.0.0.180,37806,443,TCP,1232
2025-07-11 15:03:54.642760,192.168.1.87,10.0.0.109,42128,443,TCP,1435
2025-07-11 15:03:55.642760,192.168.1.44,10.0.0.191,23328,53,UDP,380
2025-07-11 15:03:56.642760,192.168.1.28,10.0.0.136,10461,22,UDP,868
2025-07-11 15:03:57.642760,192.168.1.3,10.0.0.149,37889,53,TCP,834
2025-07-11 15:03:58.642760,192.168.1.10,10.0.0.70,39363,443,UDP,858
2025-07-11 15:03:59.642760,192.168.1.12,10.0.0.158,25634,53,UDP,374
2025-07-11 15:04:00.642760,192.168.1.98,10.0.0.233,33309,53,UDP,626
2025-07-11 15:04:01.642760,192.168.1.8,10.0.0.150,59566,443,TCP,1175
2025-07-11 15:04:02.642760,192.168.1.8,10.0.0.97,61582,443,TCP,969
2025-07-11 15:04:03.642760,192.168.1.64,10.0.0.226,28957,80,TCP,630
2025-07-11 15:04:04.642760,192.168.1.38,10.0.0.183,21434,80,UDP,1260
2025-07-11 15:04:05.642760,192.168.1.66,10.0.0.58,24780,80,UDP,1157
2025-07-11 15:04:06.642760,192.168.1.97,10.0.0.221,39485,22,TCP,304
2025-07-11 15:04:07.642760,192.168.1.7,10.0.0.37,54277,53,TCP,256
2025-07-11 15:04:08.642760,192.168.1.30,10.0.0.36,6762,443,TCP,95
2025-07-11 15:04:09.642760,192.168.1.46,10.0.0.51,38392,443,UDP,755
2025-07-11 15:04:10.642760,192.168.1.58,10.0.0.107,21444,53,UDP,131
2025-07-11 15:04:11.642760,192.168.1.29,10.0.0.123,27770,22,UDP,1053
2025-07-11 15:04:12.642760,192.168.1.92,10.0.0.186,56976,22,UDP,419
2025-07-11 15:04:13.642760,192.168.1.73,10.0.0.132,62267,80,UDP,1427
2025-07-11 15:04:14.642760,192.168.1.44,10.0.0.88,45220,53,TCP,993
2025-07-11 15:04:15.642760,192.168.1.17,10.0.0.185,1298,80,UDP,66
2025-07-11 15:04:16.642760,192.168.1.32,10.0.0.211,61193,53,UDP,848
2025-07-11 15:04:17.642760,192.168.1.8,10.0.0.97,6623,22,TCP,1170
2025-07-11 15:04:18.642760,192.168.1.28,10.0.0.37,1357,443,TCP,304
2025-07-11 15:04:19.642760,192.168.1.39,10.0.0.64,46547,53,UDP,289
2025-07-11 15:04:20.642760,192.168.1.11,10.0.0.84,24307,80,TCP,1444
2025-07-11 15:04:21.642760,192.168.1.62,10.0.0.140,38765,80,UDP,393
2025-07-11 15:04:22.642760,192.168.1.2,10.0.0.254,29767,53,UDP,847
2025-07-11 15:04:23.642760,192.168.1.89,10.0.0.216,52218,443,UDP,302
2025-07-11 15:04:24.642760,192.168.1.21,10.0.0.111,29667,22,UDP,1498
2025-07-11 15:04:25.642760,192.168.1.92,10.0.0.239,65117,53,TCP,92
2025-07-11 15:04:26.642760,192.168.1.99,10.0.0.134,38991,80,TCP,870
2025-07-11 15:04:27.642760,192.168.1.1,10.0.0.88,12602,443,UDP,415
2025-07-11 15:04:28.642760,192.168.1.29,10.0.0.16,32405,80,TCP,146
2025-07-11 15:04:29.642760,192.168.1.48,10.0.0.207,17643,22,TCP,1182
2025-07-11 15:04:30.642760,192.168.1.80,10.0.0.122,9571,80,UDP,406
2025-07-11 15:04:31.642760,192.168.1.6,10.0.0.97,25153,443,UDP,1422
2025-07-11 15:04:32.642760,192.168.1.28,10.0.0.63,41186,22,TCP,1328
2025-07-11 15:04:33.642760,192.168.1.86,10.0.0.19,45841,53,TCP,856
2025-07-11 15:04:34.642760,192.168.1.86,10.0.0.124,31278,22,UDP,604
2025-07-11 15:04:35.642760,192.168.1.44,10.0.0.177,44824,22,TCP,537
2025-07-11 15:04:36.642760,192.168.1.19,10.0.0.37,62481,80,TCP,536
2025-07-11 15:04:37.642760,192.168.1.61,10.0.0.172,43342,53,TCP,1090
2025-07-11 15:04:38.642760,192.168.1.13,10.0.0.236,65357,443,TCP,540
2025-07-11 15:04:39.642760,192.168.1.97,10.0.0.151,11689,443,UDP,156
2025-07-11 15:04:40.642760,192.168.1.1,10.0.0.47,27706,80,UDP,1182
2025-07-11 15:04:41.642760,192.168.1.77,10.0.0.47,31048,80,UDP,1339
2025-07-11 15:04:42.642760,192.168.1.21,10.0.0.221,50342,443,UDP,369
2025-07-11 15:04:43.642760,192.168.1.21,10.0.0.108,35344,53,UDP,1112
2025-07-11 15:04:44.642760,192.168.1.16,10.0.0.229,39814,53,TCP,1433
2025-07-11 15:04:45.642760,192.168.1.49,10.0.0.135,38160,22,TCP,128
2025-07-11 15:04:46.642760,192.168.1.8,10.0.0.208,23367,22,UDP,778
2025-07-11 15:04:47.642760,192.168.1.46,10.0.0.228,57602,53,UDP,578
2025-07-11 15:04:48.642760,192.168.1.95,10.0.0.218,57609,22,UDP,385
2025-07-11 15:04:49.642760,192.168.1.48,10.0.0.23,5768,53,TCP,395
2025-07-11 15:04:50.642760,192.168.1.54,10.0.0.110,3407,22,UDP,984
2025-07-11 15:04:51.642760,192.168.1.200,10.0.0.204,39074,12345,TCP,2605
2025-07-11 15:04:52.642760,192.168.1.44,10.0.0.90,60036,443,TCP,364
2025-07-11 15:04:53.642760,192.168.1.92,10.0.0.122,2349,22,UDP,640
2025-07-11 15:04:54.642760,192.168.1.25,10.0.0.163,1663,53,TCP,1145
2025-07-11 15:04:55.642760,192.168.1.88,10.0.0.159,36309,443,UDP,144
2025-07-11 15:04:56.642760,192.168.1.13,10.0.0.47,29006,53,UDP,475
2025-07-11 15:04:57.642760,192.168.1.86,10.0.0.19,19077,53,TCP,1480
2025-07-11 15:04:58.642760,192.168.1.66,10.0.0.119,36980,53,UDP,829
2025-07-11 15:04:59.642760,192.168.1.47,10.0.0.7,49719,53,UDP,677
2025-07-11 15:05:00.642760,192.168.1.80,10.0.0.175,15784,443,UDP,1454
2025-07-11 15:05:01.642760,192.168.1.11,10.0.0.133,3962,22,UDP,980
2025-07-11 15:05:02.642760,192.168.1.67,10.0.0.87,43858,53,UDP,1192
2025-07-11 15:05:03.642760,192.168.1.8,10.0.0.207,42541,80,TCP,440
2025-07-11 15:05:04.642760,192.168.1.98,10.0.0.60,5470,443,TCP,1475
2025-07-11 15:05:05.642760,192.168.1.86,10.0.0.224,45149,22,UDP,1304
2025-07-11 15:05:06.642760,192.168.1.55,10.0.0.82,49939,443,TCP,265
2025-07-11 15:05:07.642760,192.168.1.7,10.0.0.61,62392,80,TCP,1209
2025-07-11 15:05:08.642760,192.168.1.6,10.0.0.194,3217,53,UDP,816
2025-07-11 15:05:09.642760,192.168.1.68,10.0.0.179,2803,80,UDP,1320
2025-07-11 15:05:10.642760,192.168.1.63,10.0.0.99,51825,80,TCP,848
2025-07-11 15:05:11.642760,192.168.1.28,10.0.0.29,54344,53,UDP,469
2025-07-11 15:05:12.642760,192.168.1.65,10.0.0.224,58883,80,UDP,1264
2025-07-11 15:05:13.642760,192.168.1.75,10.0.0.63,8738,53,UDP,1159
2025-07-11 15:05:14.642760,192.168.1.63,10.0.0.44,31406,22,TCP,114
2025-07-11 15:05:15.642760,192.168.1.38,10.0.0.249,19676,80,TCP,1190
2025-07-11 15:05:16.642760,192.168.1.57,10.0.0.232,34549,53,TCP,134
2025-07-11 15:05:17.642760,192.168.1.25,10.0.0.68,11863,53,TCP,1249
2025-07-11 15:05:18.642760,192.168.1.32,10.0.0.170,15751,22,UDP,835
2025-07-11 15:05:19.642760,192.168.1.14,10.0.0.220,50377,53,UDP,216
2025-07-11 15:05:20.642760,192.168.1.91,10.0.0.213,42423,22,UDP,101
2025-07-11 15:05:21.642760,192.168.1.18,10.0.0.151,36585,80,TCP,82
2025-07-11 15:05:22.642760,192.168.1.49,10.0.0.228,4037,22,TCP,988
2025-07-11 15:05:23.642760,192.168.1.99,10.0.0.178,19822,22,UDP,1044
2025-07-11 15:05:24.642760,192.168.1.65,10.0.0.235,19745,80,TCP,422
2025-07-11 15:05:25.642760,192.168.1.16,10.0.0.170,31625,80,TCP,522
2025-07-11 15:05:26.642760,192.168.1.70,10.0.0.45,57490,22,TCP,1016
2025-07-11 15:05:27.642760,192.168.1.48,10.0.0.173,16299,443,TCP,1201
2025-07-11 15:05:28.642760,192.168.1.94,10.0.0.8,62372,80,TCP,519
2025-07-11 15:05:29.642760,192.168.1.27,10.0.0.133,45824,22,UDP,801
2025-07-11 15:05:30.642760,192.168.1.70,10.0.0.167,63850,80,UDP,1445
2025-07-11 15:05:31.642760,192.168.1.88,10.0.0.47,55074,53,TCP,853
2025-07-11 15:05:32.642760,192.168.1.83,10.0.0.93,8858,80,TCP,82
2025-07-11 15:05:33.642760,192.168.1.55,10.0.0.96,5953,80,UDP,101
2025-07-11 15:05:34.642760,192.168.1.80,10.0.0.217,20317,80,TCP,831
2025-07-11 15:05:35.642760,192.168.1.50,10.0.0.131,50983,80,TCP,1322
2025-07-11 15:05:36.642760,192.168.1.76,10.0.0.179,27202,443,UDP,501
2025-07-11 15:05:37.642760,192.168.1.27,10.0.0.239,44417,53,UDP,391
2025-07-11 15:05:38.642760,192.168.1.87,10.0.0.243,40594,80,UDP,469
2025-07-11 15:05:39.642760,192.168.1.92,10.0.0.81,43475,53,UDP,1436
2025-07-11 15:05:40.642760,192.168.1.11,10.0.0.156,24879,443,TCP,1398
2025-07-11 15:05:41.642760,192.168.1.73,10.0.0.209,54682,443,TCP,974
2025-07-11 15:05:42.642760,192.168.1.91,10.0.0.158,63253,80,UDP,382
2025-07-11 15:05:43.642760,192.168.1.69,10.0.0.184,55170,80,TCP,1210
2025-07-11 15:05:44.642760,192.168.1.4,10.0.0.63,30376,53,TCP,1240
2025-07-11 15:05:45.642760,192.168.1.10,10.0.0.142,56619,80,TCP,105
2025-07-11 15:05:46.642760,192.168.1.56,10.0.0.70,31781,22,TCP,471
2025-07-11 15:05:47.642760,192.168.1.59,10.0.0.249,3399,443,UDP,78
2025-07-11 15:05:48.642760,192.168.1.21,10.0.0.150,41560,80,UDP,1414
2025-07-11 15:05:49.642760,192.168.1.42,10.0.0.60,19619,53,UDP,1039
2025-07-11 15:05:50.642760,192.168.1.62,10.0.0.181,65291,22,TCP,920
2025-07-11 15:05:51.642760,192.168.1.16,10.0.0.183,23088,443,TCP,1124
2025-07-11 15:05:52.642760,192.168.1.66,10.0.0.189,10586,22,UDP,153
2025-07-11 15:05:53.642760,192.168.1.75,10.0.0.235,37315,22,UDP,719
2025-07-11 15:05:54.642760,192.168.1.95,10.0.0.38,27213,53,UDP,933
2025-07-11 15:05:55.642760,192.168.1.45,10.0.0.167,5304,22,TCP,1281
2025-07-11 15:05:56.642760,192.168.1.53,10.0.0.82,42860,22,UDP,249
2025-07-11 15:05:57.642760,192.168.1.71,10.0.0.113,27220,53,UDP,929
2025-07-11 15:05:58.642760,192.168.1.14,10.0.0.5,5550,80,UDP,790
2025-07-11 15:05:59.642760,192.168.1.64,10.0.0.94,44303,53,UDP,1019
2025-07-11 15:06:00.642760,192.168.1.12,10.0.0.116,60756,22,TCP,1271
2025-07-11 15:06:01.642760,192.168.1.67,10.0.0.60,11800,22,TCP,1408
2025-07-11 15:06:02.642760,192.168.1.75,10.0.0.43,22659,22,TCP,1382
2025-07-11 15:06:03.642760,192.168.1.88,10.0.0.6,28272,443,UDP,473
2025-07-11 15:06:04.642760,192.168.1.2,10.0.0.250,61746,53,UDP,1050
2025-07-11 15:06:05.642760,192.168.1.13,10.0.0.177,37447,22,TCP,514
2025-07-11 15:06:06.642760,192.168.1.41,10.0.0.170,14313,80,UDP,1015
2025-07-11 15:06:07.642760,192.168.1.42,10.0.0.49,55725,53,TCP,1110
2025-07-11 15:06:08.642760,192.168.1.29,10.0.0.150,48546,443,TCP,1130
2025-07-11 15:06:09.642760,192.168.1.65,10.0.0.220,28475,53,UDP,143
2025-07-11 15:06:10.642760,192.168.1.97,10.0.0.184,27585,443,TCP,872
2025-07-11 15:06:11.642760,192.168.1.48,10.0.0.250,32362,80,UDP,1251
2025-07-11 15:06:12.642760,192.168.1.4,10.0.0.8,54181,443,TCP,1440
2025-07-11 15:06:13.642760,192.168.1.84,10.0.0.148,40840,443,UDP,1152
2025-07-11 15:06:14.642760,192.168.1.3,10.0.0.45,47271,443,TCP,320
2025-07-11 15:06:15.642760,192.168.1.61,10.0.0.29,6375,53,TCP,88
2025-07-11 15:06:16.642760,192.168.1.9,10.0.0.110,47017,80,TCP,709
2025-07-11 15:06:17.642760,192.168.1.89,10.0.0.246,38863,22,TCP,705
2025-07-11 15:06:18.642760,192.168.1.99,10.0.0.178,24452,22,UDP,1497
2025-07-11 15:06:19.642760,192.168.1.71,10.0.0.61,64530,22,TCP,391
2025-07-11 15:06:20.642760,192.168.1.9,10.0.0.190,32911,22,TCP,1395
2025-07-11 15:06:21.642760,192.168.1.29,10.0.0.60,11740,22,UDP,201
2025-07-11 15:06:22.642760,192.168.1.12,10.0.0.165,61312,80,UDP,131
2025-07-11 15:06:23.642760,192.168.1.57,10.0.0.245,64907,22,TCP,1355
2025-07-11 15:06:24.642760,192.168.1.46,10.0.0.242,45473,80,TCP,1277
2025-07-11 15:06:25.642760,192.168.1.23,10.0.0.161,18731,443,TCP,770
2025-07-11 15:06:26.642760,192.168.1.4,10.0.0.232,32339,80,TCP,598
2025-07-11 15:06:27.642760,192.168.1.49,10.0.0.176,7991,53,TCP,1168
2025-07-11 15:06:28.642760,192.168.1.80,10.0.0.196,26758,53,TCP,266
2025-07-11 15:06:29.642760,192.168.1.31,10.0.0.28,38240,80,UDP,1054
2025-07-11 15:06:30.642760,192.168.1.93,10.0.0.113,47750,53,UDP,318
2025-07-11 15:06:31.642760,192.168.1.200,10.0.0.127,61248,12345,UDP,2344
2025-07-11 15:06:32.642760,192.168.1.84,10.0.0.193,3185,22,TCP,777
2025-07-11 15:06:33.642760,192.168.1.100,10.0.0.74,31093,80,UDP,189
2025-07-11 15:06:34.642760,192.168.1.57,10.0.0.171,13291,80,TCP,505
2025-07-11 15:06:35.642760,192.168.1.49,10.0.0.54,56820,443,UDP,227
2025-07-11 15:06:36.642760,192.168.1.26,10.0.0.104,19054,22,TCP,837
2025-07-11 15:06:37.642760,192.168.1.26,10.0.0.106,43845,443,UDP,1058
2025-07-11 15:06:38.642760,192.168.1.80,10.0.0.60,15463,443,TCP,307
2025-07-11 15:06:39.642760,192.168.1.100,10.0.0.52,51563,53,TCP,120
2025-07-11 15:06:40.642760,192.168.1.69,10.0.0.124,33335,22,UDP,563
2025-07-11 15:06:41.642760,192.168.1.44,10.0.0.52,29587,443,UDP,800
2025-07-11 15:06:42.642760,192.168.1.10,10.0.0.120,18070,53,TCP,1309
2025-07-11 15:06:43.642760,192.168.1.63,10.0.0.252,37351,22,TCP,1203
2025-07-11 15:06:44.642760,192.168.1.27,10.0.0.106,4553,443,TCP,1385
2025-07-11 15:06:45.642760,192.168.1.5,10.0.0.74,56429,22,TCP,412
2025-07-11 15:06:46.642760,192.168.1.58,10.0.0.168,38547,80,UDP,952
2025-07-11 15:06:47.642760,192.168.1.84,10.0.0.6,12744,22,UDP,744
2025-07-11 15:06:48.642760,192.168.1.49,10.0.0.193,1861,22,UDP,920
2025-07-11 15:06:49.642760,192.168.1.97,10.0.0.171,57569,443,UDP,1042
2025-07-11 15:06:50.642760,192.168.1.16,10.0.0.161,14351,443,UDP,895
2025-07-11 15:06:51.642760,192.168.1.48,10.0.0.113,5116,80,TCP,877
2025-07-11 15:06:52.642760,192.168.1.82,10.0.0.14,59440,80,UDP,852
2025-07-11 15:06:53.642760,192.168.1.4,10.0.0.241,55118,22,TCP,1145
2025-07-11 15:06:54.642760,192.168.1.78,10.0.0.108,9757,443,TCP,79
2025-07-11 15:06:55.642760,192.168.1.47,10.0.0.170,53871,22,UDP,105
2025-07-11 15:06:56.642760,192.168.1.45,10.0.0.135,56929,22,UDP,1454
2025-07-11 15:06:57.642760,192.168.1.33,10.0.0.109,10860,53,UDP,358
2025-07-11 15:06:58.642760,192.168.1.8,10.0.0.107,59174,22,TCP,574
2025-07-11 15:06:59.642760,192.168.1.75,10.0.0.140,56713,22,TCP,1253
2025-07-11 15:07:00.642760,192.168.1.86,10.0.0.193,1405,443,TCP,1340
2025-07-11 15:07:01.642760,192.168.1.8,10.0.0.218,18424,443,UDP,1425
2025-07-11 15:07:02.642760,192.168.1.92,10.0.0.67,12726,80,TCP,431
2025-07-11 15:07:03.642760,192.168.1.87,10.0.0.134,57721,80,UDP,513
2025-07-11 15:07:04.642760,192.168.1.99,10.0.0.67,47582,443,UDP,1105
2025-07-11 15:07:05.642760,192.168.1.36,10.0.0.127,32357,53,TCP,364
2025-07-11 15:07:06.642760,192.168.1.80,10.0.0.40,54341,80,UDP,666
2025-07-11 15:07:07.642760,192.168.1.36,10.0.0.27,63731,22,TCP,372
2025-07-11 15:07:08.642760,192.168.1.70,10.0.0.60,40680,443,TCP,1024
2025-07-11 15:07:09.642760,192.168.1.7,10.0.0.163,5537,80,TCP,1446
2025-07-11 15:07:10.642760,192.168.1.30,10.0.0.116,4151,22,UDP,440
2025-07-11 15:07:11.642760,192.168.1.70,10.0.0.97,57150,443,UDP,1421
2025-07-11 15:07:12.642760,192.168.1.84,10.0.0.164,5379,53,UDP,1193
2025-07-11 15:07:13.642760,192.168.1.100,10.0.0.11,57937,80,TCP,590
2025-07-11 15:07:14.642760,192.168.1.39,10.0.0.2,39454,80,TCP,740
2025-07-11 15:07:15.642760,192.168.1.32,10.0.0.67,23208,22,TCP,640
2025-07-11 15:07:16.642760,192.168.1.38,10.0.0.102,18087,443,UDP,1397
2025-07-11 15:07:17.642760,192.168.1.32,10.0.0.159,64660,80,UDP,709
2025-07-11 15:07:18.642760,192.168.1.50,10.0.0.208,52865,22,TCP,1398
2025-07-11 15:07:19.642760,192.168.1.46,10.0.0.252,1774,22,UDP,893
2025-07-11 15:07:20.642760,192.168.1.83,10.0.0.234,51615,443,TCP,438
2025-07-11 15:07:21.642760,192.168.1.36,10.0.0.172,46566,22,TCP,417
2025-07-11 15:07:22.642760,192.168.1.9,10.0.0.230,8859,443,TCP,705
2025-07-11 15:07:23.642760,192.168.1.35,10.0.0.129,58986,22,TCP,104
2025-07-11 15:07:24.642760,192.168.1.13,10.0.0.224,17596,22,UDP,1342
2025-07-11 15:07:25.642760,192.168.1.18,10.0.0.194,27442,80,UDP,134
2025-07-11 15:07:26.642760,192.168.1.32,10.0.0.29,16222,443,UDP,550
2025-07-11 15:07:27.642760,192.168.1.61,10.0.0.26,17953,80,UDP,627
2025-07-11 15:07:28.642760,192.168.1.1,10.0.0.156,35178,80,TCP,823
2025-07-11 15:07:29.642760,192.168.1.49,10.0.0.190,27816,53,TCP,416
2025-07-11 15:07:30.642760,192.168.1.77,10.0.0.62,43204,443,TCP,766
2025-07-11 15:07:31.642760,192.168.1.58,10.0.0.171,37845,22,TCP,1251
2025-07-11 15:07:32.642760,192.168.1.25,10.0.0.239,40842,443,UDP,749
2025-07-11 15:07:33.642760,192.168.1.23,10.0.0.183,48743,53,UDP,221
2025-07-11 15:07:34.642760,192.168.1.9,10.0.0.125,44345,443,UDP,713
2025-07-11 15:07:35.642760,192.168.1.47,10.0.0.2,42418,443,UDP,1384
2025-07-11 15:07:36.642760,192.168.1.84,10.0.0.228,30334,53,UDP,823
2025-07-11 15:07:37.642760,192.168.1.58,10.0.0.90,37279,443,TCP,1050
2025-07-11 15:07:38.642760,192.168.1.55,10.0.0.118,55032,53,UDP,1137
2025-07-11 15:07:39.642760,192.168.1.31,10.0.0.84,32566,80,UDP,225
2025-07-11 15:07:40.642760,192.168.1.75,10.0.0.122,60751,22,UDP,259
2025-07-11 15:07:41.642760,192.168.1.100,10.0.0.170,18393,53,UDP,1166
2025-07-11 15:07:42.642760,192.168.1.31,10.0.0.107,62647,443,UDP,536
2025-07-11 15:07:43.642760,192.168.1.61,10.0.0.30,38409,22,TCP,954
2025-07-11 15:07:44.642760,192.168.1.37,10.0.0.193,65533,80,TCP,215
2025-07-11 15:07:45.642760,192.168.1.7,10.0.0.41,57760,22,TCP,582
2025-07-11 15:07:46.642760,192.168.1.41,10.0.0.134,51123,53,UDP,903
2025-07-11 15:07:47.642760,192.168.1.28,10.0.0.116,35173,22,UDP,716
2025-07-11 15:07:48.642760,192.168.1.25,10.0.0.58,19358,443,UDP,1370
2025-07-11 15:07:49.642760,192.168.1.19,10.0.0.97,46973,22,TCP,742
2025-07-11 15:07:50.642760,192.168.1.17,10.0.0.202,53299,443,UDP,88
2025-07-11 15:07:51.642760,192.168.1.73,10.0.0.245,56887,443,UDP,626
2025-07-11 15:07:52.642760,192.168.1.26,10.0.0.186,48269,22,TCP,148
2025-07-11 15:07:53.642760,192.168.1.47,10.0.0.112,54829,80,UDP,1319
2025-07-11 15:07:54.642760,192.168.1.42,10.0.0.163,55995,80,TCP,380
2025-07-11 15:07:55.642760,192.168.1.16,10.0.0.32,11841,80,UDP,93
2025-07-11 15:07:56.642760,192.168.1.27,10.0.0.28,43950,443,UDP,463
2025-07-11 15:07:57.642760,192.168.1.54,10.0.0.74,4077,443,TCP,1378
2025-07-11 15:07:58.642760,192.168.1.72,10.0.0.243,29500,80,TCP,1007
2025-07-11 15:07:59.642760,192.168.1.53,10.0.0.122,43338,53,UDP,82
2025-07-11 15:08:00.642760,192.168.1.60,10.0.0.250,38508,53,UDP,1036
2025-07-11 15:08:01.642760,192.168.1.40,10.0.0.111,50958,53,UDP,1380
2025-07-11 15:08:02.642760,192.168.1.85,10.0.0.145,27879,22,UDP,278
2025-07-11 15:08:03.642760,192.168.1.87,10.0.0.141,56943,53,TCP,236
2025-07-11 15:08:04.642760,192.168.1.43,10.0.0.9,3214,80,UDP,93
2025-07-11 15:08:05.642760,192.168.1.16,10.0.0.80,18954,443,UDP,1004
2025-07-11 15:08:06.642760,192.168.1.10,10.0.0.210,43362,53,UDP,290
2025-07-11 15:08:07.642760,192.168.1.3,10.0.0.14,59443,22,TCP,1436
2025-07-11 15:08:08.642760,192.168.1.34,10.0.0.155,54935,53,TCP,1422
2025-07-11 15:08:09.642760,192.168.1.79,10.0.0.9,39021,443,TCP,858
2025-07-11 15:08:10.642760,192.168.1.34,10.0.0.228,34085,53,UDP,1101
2025-07-11 15:08:11.642760,192.168.1.200,10.0.0.179,36821,12345,TCP,2458
2025-07-11 15:08:12.642760,192.168.1.11,10.0.0.204,28549,443,TCP,1073
2025-07-11 15:08:13.642760,192.168.1.85,10.0.0.240,1197,443,TCP,315
2025-07-11 15:08:14.642760,192.168.1.76,10.0.0.205,22632,22,UDP,714
2025-07-11 15:08:15.642760,192.168.1.23,10.0.0.54,9528,443,TCP,592
2025-07-11 15:08:16.642760,192.168.1.99,10.0.0.197,10908,22,UDP,939
2025-07-11 15:08:17.642760,192.168.1.12,10.0.0.149,3046,53,TCP,1474
2025-07-11 15:08:18.642760,192.168.1.44,10.0.0.223,18010,80,UDP,437
2025-07-11 15:08:19.642760,192.168.1.67,10.0.0.191,64004,80,TCP,106
2025-07-11 15:08:20.642760,192.168.1.94,10.0.0.8,22849,80,TCP,700
2025-07-11 15:08:21.642760,192.168.1.71,10.0.0.154,17629,22,UDP,786
2025-07-11 15:08:22.642760,192.168.1.60,10.0.0.155,60319,22,TCP,722
2025-07-11 15:08:23.642760,192.168.1.49,10.0.0.42,5928,443,UDP,768
2025-07-11 15:08:24.642760,192.168.1.98,10.0.0.252,65263,22,UDP,441
2025-07-11 15:08:25.642760,192.168.1.32,10.0.0.175,49816,80,TCP,343
2025-07-11 15:08:26.642760,192.168.1.93,10.0.0.245,35043,80,TCP,705
2025-07-11 15:08:27.642760,192.168.1.84,10.0.0.89,60266,80,UDP,1257
2025-07-11 15:08:28.642760,192.168.1.68,10.0.0.226,53530,80,UDP,742
2025-07-11 15:08:29.642760,192.168.1.71,10.0.0.79,65271,80,TCP,1303
2025-07-11 15:08:30.642760,192.168.1.67,10.0.0.141,39355,443,TCP,1290
2025-07-11 15:08:31.642760,192.168.1.53,10.0.0.5,7578,53,TCP,1319
2025-07-11 15:08:32.642760,192.168.1.89,10.0.0.46,55314,53,UDP,1217
2025-07-11 15:08:33.642760,192.168.1.81,10.0.0.30,7069,443,TCP,578
2025-07-11 15:08:34.642760,192.168.1.45,10.0.0.58,60733,443,UDP,1203
2025-07-11 15:08:35.642760,192.168.1.43,10.0.0.176,64161,80,TCP,449
2025-07-11 15:08:36.642760,192.168.1.94,10.0.0.223,21306,80,UDP,1420
2025-07-11 15:08:37.642760,192.168.1.90,10.0.0.152,58627,53,UDP,1038
2025-07-11 15:08:38.642760,192.168.1.14,10.0.0.242,51616,80,UDP,821
2025-07-11 15:08:39.642760,192.168.1.75,10.0.0.28,13515,443,TCP,389
2025-07-11 15:08:40.642760,192.168.1.35,10.0.0.197,8326,53,UDP,767
2025-07-11 15:08:41.642760,192.168.1.59,10.0.0.29,43655,80,TCP,607
2025-07-11 15:08:42.642760,192.168.1.98,10.0.0.175,43041,53,UDP,1404
2025-07-11 15:08:43.642760,192.168.1.6,10.0.0.99,5378,53,TCP,110
2025-07-11 15:08:44.642760,192.168.1.80,10.0.0.203,15037,53,UDP,941
2025-07-11 15:08:45.642760,192.168.1.38,10.0.0.110,42910,443,TCP,1160
2025-07-11 15:08:46.642760,192.168.1.45,10.0.0.38,39711,22,UDP,1016
2025-07-11 15:08:47.642760,192.168.1.80,10.0.0.206,39696,53,TCP,546
2025-07-11 15:08:48.642760,192.168.1.1,10.0.0.194,32941,443,UDP,1113
2025-07-11 15:08:49.642760,192.168.1.80,10.0.0.249,39111,80,TCP,1372
2025-07-11 15:08:50.642760,192.168.1.6,10.0.0.216,51840,80,UDP,545
2025-07-11 15:08:51.642760,192.168.1.34,10.0.0.230,44734,80,UDP,1401
2025-07-11 15:08:52.642760,192.168.1.12,10.0.0.85,48920,443,TCP,1198
2025-07-11 15:08:53.642760,192.168.1.10,10.0.0.100,34864,22,UDP,160
2025-07-11 15:08:54.642760,192.168.1.53,10.0.0.116,33811,80,UDP,1392
2025-07-11 15:08:55.642760,192.168.1.91,10.0.0.126,3854,80,UDP,796
2025-07-11 15:08:56.642760,192.168.1.62,10.0.0.204,3982,443,UDP,450
2025-07-11 15:08:57.642760,192.168.1.37,10.0.0.177,16301,22,UDP,1136
2025-07-11 15:08:58.642760,192.168.1.92,10.0.0.190,39036,80,TCP,605
2025-07-11 15:08:59.642760,192.168.1.13,10.0.0.95,59502,22,UDP,221
2025-07-11 15:09:00.642760,192.168.1.43,10.0.0.118,2721,443,TCP,518
2025-07-11 15:09:01.642760,192.168.1.72,10.0.0.21,1840,22,TCP,1011
2025-07-11 15:09:02.642760,192.168.1.52,10.0.0.13,9259,22,UDP,597
2025-07-11 15:09:03.642760,192.168.1.60,10.0.0.72,33605,443,TCP,592
2025-07-11 15:09:04.642760,192.168.1.22,10.0.0.211,29607,443,TCP,390
2025-07-11 15:09:05.642760,192.168.1.74,10.0.0.4,53284,22,UDP,1313
2025-07-11 15:09:06.642760,192.168.1.80,10.0.0.194,48963,80,TCP,537
2025-07-11 15:09:07.642760,192.168.1.97,10.0.0.67,49288,443,UDP,838
2025-07-11 15:09:08.642760,192.168.1.31,10.0.0.73,2404,80,UDP,548
2025-07-11 15:09:09.642760,192.168.1.100,10.0.0.216,57300,443,UDP,580
2025-07-11 15:09:10.642760,192.168.1.37,10.0.0.25,29073,53,TCP,501
2025-07-11 15:09:11.642760,192.168.1.41,10.0.0.253,19636,80,UDP,744
2025-07-11 15:09:12.642760,192.168.1.25,10.0.0.83,10785,53,UDP,859
2025-07-11 15:09:13.642760,192.168.1.5,10.0.0.35,8805,53,TCP,1442
2025-07-11 15:09:14.642760,192.168.1.90,10.0.0.205,60197,53,UDP,420
2025-07-11 15:09:15.642760,192.168.1.25,10.0.0.1,32876,22,TCP,1317
2025-07-11 15:09:16.642760,192.168.1.35,10.0.0.96,27341,443,TCP,837
2025-07-11 15:09:17.642760,192.168.1.92,10.0.0.35,12608,443,UDP,1117
2025-07-11 15:09:18.642760,192.168.1.10,10.0.0.80,39978,443,TCP,1072
2025-07-11 15:09:19.642760,192.168.1.99,10.0.0.191,9133,443,TCP,1402
2025-07-11 15:09:20.642760,192.168.1.28,10.0.0.38,58542,80,TCP,1142
2025-07-11 15:09:21.642760,192.168.1.84,10.0.0.93,4809,443,TCP,986
2025-07-11 15:09:22.642760,192.168.1.6,10.0.0.253,59504,443,TCP,486
2025-07-11 15:09:23.642760,192.168.1.30,10.0.0.231,58952,53,TCP,581
2025-07-11 15:09:24.642760,192.168.1.27,10.0.0.219,27244,80,UDP,797
2025-07-11 15:09:25.642760,192.168.1.23,10.0.0.230,8449,22,TCP,656
2025-07-11 15:09:26.642760,192.168.1.10,10.0.0.111,58509,22,UDP,303
2025-07-11 15:09:27.642760,192.168.1.38,10.0.0.96,42053,80,TCP,770
2025-07-11 15:09:28.642760,192.168.1.88,10.0.0.161,6155,443,UDP,1477
2025-07-11 15:09:29.642760,192.168.1.54,10.0.0.228,43805,80,UDP,506
2025-07-11 15:09:30.642760,192.168.1.100,10.0.0.85,31400,80,UDP,271
2025-07-11 15:09:31.642760,192.168.1.28,10.0.0.201,25158,53,UDP,1303
2025-07-11 15:09:32.642760,192.168.1.98,10.0.0.20,31078,53,UDP,1335
2025-07-11 15:09:33.642760,192.168.1.4,10.0.0.36,52438,22,TCP,178
2025-07-11 15:09:34.642760,192.168.1.40,10.0.0.41,46769,443,UDP,76
2025-07-11 15:09:35.642760,192.168.1.21,10.0.0.96,63256,53,UDP,1160
2025-07-11 15:09:36.642760,192.168.1.88,10.0.0.235,2230,443,TCP,1108
2025-07-11 15:09:37.642760,192.168.1.34,10.0.0.205,42809,443,UDP,1462
2025-07-11 15:09:38.642760,192.168.1.88,10.0.0.8,60830,22,TCP,358
2025-07-11 15:09:39.642760,192.168.1.8,10.0.0.226,6302,80,UDP,421
2025-07-11 15:09:40.642760,192.168.1.77,10.0.0.118,23035,53,UDP,241
2025-07-11 15:09:41.642760,192.168.1.35,10.0.0.198,13269,443,UDP,251
2025-07-11 15:09:42.642760,192.168.1.79,10.0.0.204,6698,53,UDP,1087
2025-07-11 15:09:43.642760,192.168.1.45,10.0.0.30,44690,22,TCP,590
2025-07-11 15:09:44.642760,192.168.1.88,10.0.0.252,8377,80,TCP,501
2025-07-11 15:09:45.642760,192.168.1.17,10.0.0.95,41673,22,TCP,356
2025-07-11 15:09:46.642760,192.168.1.23,10.0.0.131,6124,22,UDP,598
2025-07-11 15:09:47.642760,192.168.1.45,10.0.0.71,63864,80,TCP,285
2025-07-11 15:09:48.642760,192.168.1.59,10.0.0.210,25716,22,UDP,431
2025-07-11 15:09:49.642760,192.168.1.14,10.0.0.223,9677,22,TCP,304
2025-07-11 15:09:50.642760,192.168.1.44,10.0.0.152,16146,53,TCP,127
2025-07-11 15:09:51.642760,192.168.1.200,10.0.0.211,22772,12345,TCP,2142
2025-07-11 15:09:52.642760,192.168.1.29,10.0.0.202,13534,443,TCP,653
2025-07-11 15:09:53.642760,192.168.1.85,10.0.0.133,25047,53,UDP,937
2025-07-11 15:09:54.642760,192.168.1.26,10.0.0.101,36556,22,TCP,455
2025-07-11 15:09:55.642760,192.168.1.14,10.0.0.118,40042,22,TCP,1047
2025-07-11 15:09:56.642760,192.168.1.43,10.0.0.188,45716,22,UDP,343
2025-07-11 15:09:57.642760,192.168.1.68,10.0.0.87,61049,80,UDP,676
2025-07-11 15:09:58.642760,192.168.1.29,10.0.0.149,51549,22,TCP,225
2025-07-11 15:09:59.642760,192.168.1.57,10.0.0.7,57681,53,UDP,1157
2025-07-11 15:10:00.642760,192.168.1.18,10.0.0.73,64553,22,TCP,860
2025-07-11 15:10:01.642760,192.168.1.59,10.0.0.25,23385,80,UDP,542
2025-07-11 15:10:02.642760,192.168.1.17,10.0.0.92,58665,22,UDP,809
2025-07-11 15:10:03.642760,192.168.1.65,10.0.0.82,27780,53,TCP,108
2025-07-11 15:10:04.642760,192.168.1.16,10.0.0.53,7283,53,UDP,1438
2025-07-11 15:10:05.642760,192.168.1.46,10.0.0.40,56682,22,TCP,1060
2025-07-11 15:10:06.642760,192.168.1.61,10.0.0.128,58896,22,UDP,648
2025-07-11 15:10:07.642760,192.168.1.61,10.0.0.95,7596,80,TCP,712
2025-07-11 15:10:08.642760,192.168.1.87,10.0.0.42,55573,80,TCP,827
2025-07-11 15:10:09.642760,192.168.1.82,10.0.0.52,2199,80,UDP,307
2025-07-11 15:10:10.642760,192.168.1.4,10.0.0.224,16685,53,TCP,241
2025-07-11 15:10:11.642760,192.168.1.42,10.0.0.98,32570,53,UDP,197
2025-07-11 15:10:12.642760,192.168.1.41,10.0.0.163,5657,80,UDP,1353
2025-07-11 15:10:13.642760,192.168.1.73,10.0.0.194,25122,443,TCP,932
2025-07-11 15:10:14.642760,192.168.1.63,10.0.0.6,8366,80,TCP,910
2025-07-11 15:10:15.642760,192.168.1.49,10.0.0.215,26102,22,UDP,675
2025-07-11 15:10:16.642760,192.168.1.19,10.0.0.32,12238,22,TCP,1329
2025-07-11 15:10:17.642760,192.168.1.60,10.0.0.7,7374,53,TCP,374
2025-07-11 15:10:18.642760,192.168.1.81,10.0.0.145,27234,443,UDP,1266
2025-07-11 15:10:19.642760,192.168.1.19,10.0.0.2,25813,80,UDP,963
2025-07-11 15:10:20.642760,192.168.1.56,10.0.0.21,48074,22,TCP,1170
2025-07-11 15:10:21.642760,192.168.1.59,10.0.0.188,18690,53,UDP,1496
2025-07-11 15:10:22.642760,192.168.1.51,10.0.0.39,34911,53,UDP,162
2025-07-11 15:10:23.642760,192.168.1.66,10.0.0.224,13310,53,TCP,782
2025-07-11 15:10:24.642760,192.168.1.94,10.0.0.101,15239,53,UDP,1080
2025-07-11 15:10:25.642760,192.168.1.3,10.0.0.222,7722,443,TCP,745
2025-07-11 15:10:26.642760,192.168.1.32,10.0.0.68,29946,443,TCP,546
2025-07-11 15:10:27.642760,192.168.1.97,10.0.0.180,12747,22,TCP,1190
2025-07-11 15:10:28.642760,192.168.1.98,10.0.0.198,10833,443,TCP,583
2025-07-11 15:10:29.642760,192.168.1.33,10.0.0.89,9544,80,TCP,912
2025-07-11 15:10:30.642760,192.168.1.77,10.0.0.187,8316,53,UDP,704
2025-07-11 15:10:31.642760,192.168.1.46,10.0.0.164,11983,22,TCP,706
2025-07-11 15:10:32.642760,192.168.1.79,10.0.0.46,61588,443,UDP,789
2025-07-11 15:10:33.642760,192.168.1.37,10.0.0.139,26178,443,TCP,173
2025-07-11 15:10:34.642760,192.168.1.9,10.0.0.147,51359,22,TCP,318
2025-07-11 15:10:35.642760,192.168.1.6,10.0.0.133,9768,22,UDP,80
2025-07-11 15:10:36.642760,192.168.1.50,10.0.0.111,25462,22,UDP,431
2025-07-11 15:10:37.642760,192.168.1.76,10.0.0.173,15263,22,UDP,945
2025-07-11 15:10:38.642760,192.168.1.29,10.0.0.88,25474,53,UDP,1310
2025-07-11 15:10:39.642760,192.168.1.46,10.0.0.225,54460,22,UDP,1299
2025-07-11 15:10:40.642760,192.168.1.3,10.0.0.118,17973,80,UDP,260
2025-07-11 15:10:41.642760,192.168.1.83,10.0.0.13,61994,53,TCP,1440
2025-07-11 15:10:42.642760,192.168.1.4,10.0.0.186,53519,22,UDP,850
2025-07-11 15:10:43.642760,192.168.1.70,10.0.0.149,5225,443,UDP,1476
2025-07-11 15:10:44.642760,192.168.1.14,10.0.0.148,13039,80,TCP,492
2025-07-11 15:10:45.642760,192.168.1.51,10.0.0.151,58007,80,UDP,836
2025-07-11 15:10:46.642760,192.168.1.48,10.0.0.23,34584,53,UDP,1104
2025-07-11 15:10:47.642760,192.168.1.54,10.0.0.17,45985,22,UDP,1113
2025-07-11 15:10:48.642760,192.168.1.12,10.0.0.70,33464,22,UDP,137
2025-07-11 15:10:49.642760,192.168.1.32,10.0.0.42,10173,80,UDP,1008
2025-07-11 15:10:50.642760,192.168.1.71,10.0.0.201,41327,22,TCP,943
2025-07-11 15:10:51.642760,192.168.1.23,10.0.0.69,30228,53,UDP,922
2025-07-11 15:10:52.642760,192.168.1.72,10.0.0.165,18620,443,TCP,831
2025-07-11 15:10:53.642760,192.168.1.93,10.0.0.240,1614,53,TCP,314
2025-07-11 15:10:54.642760,192.168.1.55,10.0.0.1,6712,53,UDP,489
2025-07-11 15:10:55.642760,192.168.1.42,10.0.0.168,3429,53,TCP,952
2025-07-11 15:10:56.642760,192.168.1.70,10.0.0.34,20327,53,TCP,145
2025-07-11 15:10:57.642760,192.168.1.29,10.0.0.1,30245,443,UDP,1285
2025-07-11 15:10:58.642760,192.168.1.77,10.0.0.77,58948,80,TCP,780
2025-07-11 15:10:59.642760,192.168.1.58,10.0.0.194,59289,443,UDP,626
2025-07-11 15:11:00.642760,192.168.1.86,10.0.0.116,10731,53,UDP,1419
2025-07-11 15:11:01.642760,192.168.1.41,10.0.0.194,14753,80,TCP,539
2025-07-11 15:11:02.642760,192.168.1.64,10.0.0.48,53261,22,UDP,764
2025-07-11 15:11:03.642760,192.168.1.91,10.0.0.67,51082,53,UDP,1453
2025-07-11 15:11:04.642760,192.168.1.37,10.0.0.252,29395,22,UDP,982
2025-07-11 15:11:05.642760,192.168.1.85,10.0.0.187,42748,22,TCP,1191
2025-07-11 15:11:06.642760,192.168.1.73,10.0.0.220,45478,53,UDP,719
2025-07-11 15:11:07.642760,192.168.1.99,10.0.0.82,30879,80,TCP,100
2025-07-11 15:11:08.642760,192.168.1.87,10.0.0.34,42384,80,TCP,742
2025-07-11 15:11:09.642760,192.168.1.53,10.0.0.137,19164,22,TCP,81
2025-07-11 15:11:10.642760,192.168.1.54,10.0.0.43,6516,22,UDP,926
2025-07-11 15:11:11.642760,192.168.1.24,10.0.0.30,11257,53,TCP,338
2025-07-11 15:11:12.642760,192.168.1.78,10.0.0.93,63040,22,UDP,364
2025-07-11 15:11:13.642760,192.168.1.100,10.0.0.180,7503,22,TCP,416
2025-07-11 15:11:14.642760,192.168.1.9,10.0.0.155,30875,22,UDP,851
2025-07-11 15:11:15.642760,192.168.1.39,10.0.0.182,64095,22,TCP,1227
2025-07-11 15:11:16.642760,192.168.1.25,10.0.0.184,17733,53,TCP,1485
2025-07-11 15:11:17.642760,192.168.1.18,10.0.0.11,38490,80,UDP,765
2025-07-11 15:11:18.642760,192.168.1.30,10.0.0.197,26429,443,TCP,260
2025-07-11 15:11:19.642760,192.168.1.44,10.0.0.84,61952,80,TCP,824
2025-07-11 15:11:20.642760,192.168.1.12,10.0.0.218,44287,80,TCP,424
2025-07-11 15:11:21.642760,192.168.1.35,10.0.0.16,46613,53,UDP,989
2025-07-11 15:11:22.642760,192.168.1.64,10.0.0.180,60440,443,TCP,880
2025-07-11 15:11:23.642760,192.168.1.46,10.0.0.44,39151,443,UDP,1119
2025-07-11 15:11:24.642760,192.168.1.30,10.0.0.48,47298,443,TCP,1327
2025-07-11 15:11:25.642760,192.168.1.63,10.0.0.102,3625,53,TCP,1417
2025-07-11 15:11:26.642760,192.168.1.28,10.0.0.116,61015,53,UDP,146
2025-07-11 15:11:27.642760,192.168.1.90,10.0.0.212,50230,443,TCP,1215
2025-07-11 15:11:28.642760,192.168.1.37,10.0.0.84,25841,80,TCP,869
2025-07-11 15:11:29.642760,192.168.1.77,10.0.0.181,50605,443,UDP,432
2025-07-11 15:11:30.642760,192.168.1.85,10.0.0.128,5555,53,TCP,553
